"IDs","Bacteria|Bacteroidetes|Bacteroidia|Bacteroidales|Bacteroidaceae|Bacteroides","Bacteria|Bacteroidetes|Bacteroidia|Bacteroidales|Rikenellaceae|Alistipes","Bacteria|Firmicutes|Clostridia|Clostridiales|Ruminococcaceae|Faecalibacterium","Bacteria|Bacteroidetes|Bacteroidia|Bacteroidales|Porphyromonadaceae|Parabacteroides","Bacteria|Firmicutes|Clostridia|Clostridiales|Ruminococcaceae|unclassified","Bacteria|Firmicutes|Clostridia|Clostridiales|Lachnospiraceae|unclassified","Bacteria|Firmicutes|Clostridia|Clostridiales|unclassified","Bacteria|Bacteroidetes|Bacteroidia|Bacteroidales|Prevotellaceae|Prevotella","Bacteria|Firmicutes|Clostridia|Clostridiales|Ruminococcaceae|Oscillibacter","Bacteria|Firmicutes|Clostridia|Clostridiales|Lachnospiraceae|Roseburia","Bacteria|Firmicutes|Clostridia|Clostridiales|Ruminococcaceae|Ruminococcus","Bacteria|unclassified","Bacteria|Proteobacteria|Betaproteobacteria|Burkholderiales|Alcaligenaceae|Parasutterella","Bacteria|Firmicutes|Clostridia|Clostridiales|Veillonellaceae|Dialister","Bacteria|Firmicutes|Clostridia|Clostridiales|Veillonellaceae|Phascolarctobacterium","Bacteria|Bacteroidetes|Bacteroidia|Bacteroidales|Porphyromonadaceae|Barnesiella","Bacteria|Firmicutes|Clostridia|Clostridiales|Ruminococcaceae|Subdoligranulum","Bacteria|Firmicutes|Clostridia|Clostridiales|Lachnospiraceae|Coprococcus","Bacteria|Bacteroidetes|Bacteroidia|Bacteroidales|Porphyromonadaceae|unclassified","Bacteria|Bacteroidetes|Bacteroidia|Bacteroidales|unclassified","Bacteria|Firmicutes|Clostridia|Clostridiales|Incertae_Sedis_XIV|Blautia","Bacteria|Proteobacteria|Betaproteobacteria|Burkholderiales|Alcaligenaceae|Sutterella","Bacteria|Firmicutes|unclassified","Bacteria|Bacteroidetes|Bacteroidia|Bacteroidales|Prevotellaceae|Paraprevotella","Bacteria|Bacteroidetes|Bacteroidia|Bacteroidales|Porphyromonadaceae|Odoribacter","Bacteria|Bacteroidetes|unclassified","Bacteria|Bacteroidetes|Bacteroidia|Bacteroidales|Porphyromonadaceae|Butyricimonas","Bacteria|Bacteroidetes|Bacteroidia|Bacteroidales|Prevotellaceae|unclassified","Bacteria|Verrucomicrobia|Verrucomicrobiae|Verrucomicrobiales|Verrucomicrobiaceae|Akkermansia","Bacteria|Actinobacteria|Actinobacteria|Actinomycetales|Propionibacteriaceae|Propionibacterium","Bacteria|Proteobacteria|Alphaproteobacteria|unclassified","Bacteria|Firmicutes|Clostridia|Clostridiales|Lachnospiraceae|Dorea","Bacteria|Firmicutes|Clostridia|unclassified","Bacteria|Bacteroidetes|Bacteroidia|Bacteroidales|Rikenellaceae|unclassified","Bacteria|Proteobacteria|Betaproteobacteria|Burkholderiales|unclassified","Bacteria|Firmicutes|Erysipelotrichi|Erysipelotrichales|Erysipelotrichaceae|Coprobacillus","Bacteria|Firmicutes|Clostridia|Clostridiales|Eubacteriaceae|Eubacterium"
"700098289",2460,485,135,141,177,219,394,0,130,153,74,118,87,1,130,0,20,73,0,1,81,0,100,0,33,1,30,1,3,0,0,17,2,40,0,22,0
"700034100",600,12,14,9,14,33,38,386,14,25,1,1,0,0,5,10,2,3,0,10,11,173,0,0,1,0,1,0,0,0,0,3,0,0,6,1,3
"700015181",12442,2332,961,2513,800,755,2071,0,415,216,269,2204,179,47,364,0,107,169,1,26,117,0,1325,0,248,14,181,0,164,0,0,30,274,28,0,25,1
"700015180",7101,802,473,1402,294,201,1551,0,82,284,184,1215,83,16,202,0,50,126,1,31,44,0,487,0,156,5,98,0,44,0,0,21,160,25,0,9,0
"700105087",2844,385,268,304,960,414,413,26,243,42,371,252,0,4,161,106,186,21,4,22,44,26,15,0,55,5,59,73,153,0,20,40,15,6,10,7,2
"700033435",2552,214,528,99,47,68,171,0,47,232,108,10,16,3,8,127,60,23,6,11,19,0,0,0,25,0,0,0,0,0,0,2,0,1,0,2,0
"700033438",26358,781,1008,1975,232,552,600,6,244,2127,0,156,68,0,1129,542,10,122,26,436,1254,1670,32,3396,228,6,34,4,2,0,0,460,2,2,102,0,12
"700024254",6938,623,1502,767,885,1000,614,1,1124,1114,226,94,640,1,48,0,311,241,1,3,157,0,34,0,69,80,0,0,197,0,0,33,84,9,0,47,0
"700035176",1224,18,22,104,20,28,24,0,4,36,22,2,17,9,16,0,2,13,0,0,12,0,0,0,10,0,0,0,0,0,0,0,1,0,2,0,0
"700095429",4878,173,122,662,37,137,145,30,74,49,18,26,0,0,1344,214,19,27,26,150,167,122,2,800,16,1,152,6,50,1,0,8,0,5,4,6,0
"700023477",3608,105,3187,187,1196,827,1309,3,206,313,157,61,0,0,126,37,223,502,3,23,21,0,30,1,13,0,0,0,0,0,0,16,15,0,0,23,3
"700023267",2064,291,438,140,212,402,114,0,137,264,20,9,99,40,0,36,20,26,2,3,46,0,5,0,0,0,102,0,4,0,0,8,6,2,0,7,0
"700097135",2641,303,166,277,161,185,194,0,59,177,198,41,101,1,17,74,17,35,6,12,71,0,12,0,9,1,21,0,0,0,0,6,5,1,0,5,1
"700109468",582,63,30,157,60,4,325,527,17,10,76,44,2,1,1,24,15,9,10,19,4,0,31,149,7,0,10,271,0,0,5,0,2,0,0,0,0
"700102432",829,241,22,61,45,19,20,0,13,40,2,0,17,32,0,14,20,2,0,2,6,0,0,0,41,0,7,0,0,0,0,4,0,6,0,6,1
"700100490",2636,85,40,409,96,70,212,0,10,31,117,104,22,14,0,0,30,5,4,3,2,0,43,0,3,1,5,0,1,0,0,4,5,13,0,6,0
"700024044",7897,750,77,434,70,101,123,0,280,38,0,27,14,0,151,632,2,14,36,151,55,587,3,0,65,6,0,0,1,0,0,6,0,0,10,1,10
"700109340",11705,5487,3587,19,533,521,324,0,212,490,418,29,91,0,5,763,124,113,422,88,84,0,5,0,19,91,0,0,250,0,0,14,24,2,0,5,2
"700095486",1451,657,265,194,451,236,645,0,260,82,128,95,2,0,18,311,236,167,198,155,133,9,30,0,12,66,51,0,0,0,3,9,14,49,0,69,2
"700099822",659,106,134,188,53,147,184,1146,26,119,28,31,97,0,418,0,7,39,1,7,63,0,16,0,41,1,46,2,0,0,4,13,1,4,5,18,0
"700038950",4693,17,0,32,10,12,9,1,6,12,0,0,8,0,2,0,11,4,0,3,1,0,0,0,0,0,0,0,0,0,0,0,0,0,0,3,2
"700095850",1407,139,29,97,8,29,25,0,21,18,0,5,411,0,36,0,1,2,0,4,3,0,0,0,19,0,0,0,0,0,0,4,0,0,0,0,1
"700023633",241,27,2096,29,2379,1704,1952,816,2820,2097,104,3,0,0,336,1,1037,227,0,0,13,1,68,0,4,0,1,10,0,0,2,9,27,0,0,1,8
"700015923",2934,22,5,0,27,31,34,0,11,0,0,1,0,38,0,0,0,4,0,0,30,102,1,0,1,0,0,0,1,0,0,0,0,0,35,1,2
"700016470",1076,230,273,125,375,605,690,0,141,34,166,80,24,36,23,76,119,105,44,44,39,0,13,0,146,0,0,0,0,0,3,2,27,8,0,19,0
"700109582",4127,434,264,213,166,173,354,0,51,240,204,3,131,40,1,201,92,109,1,15,78,0,2,0,50,1,135,0,4,0,0,19,3,162,5,54,0
"700023902",1439,287,392,231,908,1924,1061,9,200,785,334,37,28,1,72,0,1283,428,0,5,591,0,126,0,4,2,0,0,2634,0,0,260,13,1,0,25,36
"700105822",879,655,699,22,761,153,227,267,100,115,2,97,0,542,10,0,302,10,1,65,67,1,15,0,64,15,0,3,0,0,0,64,7,221,0,13,2
"700024752",1956,229,139,679,242,537,496,1,230,93,54,735,13,0,138,1044,5,87,208,208,23,527,6,183,70,63,0,4,9,0,1383,55,19,21,19,103,0
"700038005",1635,747,582,58,283,275,242,0,238,54,1,133,2,0,0,0,18,14,0,2,17,0,104,0,0,6,0,1,0,0,0,2,57,0,0,0,8
"700114939",5037,67,122,124,45,65,15,0,204,20,6,11,11,0,83,2,26,0,13,33,4,140,2,104,4,3,16,0,0,88,0,6,5,0,0,0,3
"700105459",6065,1903,594,0,999,1578,1014,1,442,781,226,211,557,186,0,465,113,140,55,108,171,0,14,0,141,7,92,0,27,2,15,58,92,8,0,18,0
"700015250",4718,1938,1867,926,726,2308,1718,18226,443,1498,251,850,776,0,632,2,94,792,10,494,396,0,202,0,422,98,266,90,2,4,74,188,122,32,62,60,6
"700102318",2655,298,59,182,160,52,134,0,105,82,11,4,3,110,0,0,27,8,0,13,10,20,2,315,10,0,22,0,0,0,0,5,5,0,0,5,0
"700096066",6279,142,21,375,21,5,12,1,20,0,0,1,0,0,8,82,0,3,3,10,7,0,1,0,8,0,0,1,0,0,0,5,0,1,0,5,0
"700114749",4898,966,350,413,226,233,387,276,271,54,148,101,1,0,0,817,38,111,1233,335,52,204,8,1379,498,10,156,88,0,0,0,14,109,30,10,5,16
"700100041",784,131,40,251,229,108,148,9,30,273,5,4,28,9,0,0,52,23,0,3,104,0,2,4,16,0,0,0,8,0,0,8,5,21,0,3,2
"700016961",1760,69,10,515,17,18,78,2,27,6,6,22,0,0,37,62,14,12,4,348,20,164,1,582,11,4,49,178,0,0,11,3,0,2,53,8,6
"700105334",8151,882,1676,1037,176,497,89,0,158,344,10,38,819,338,0,410,117,16,16,113,30,0,10,0,146,0,0,0,0,0,0,19,1,0,0,24,8
"700024866",4014,801,1325,211,491,833,377,108,265,395,148,374,170,63,0,0,60,107,198,66,112,0,37,0,0,4,0,12,12,0,0,16,147,10,1,13,0
"700106723",3447,798,74,189,59,193,172,1327,104,15,8,18,45,0,291,15,22,28,32,172,14,0,1,1,47,12,5,20,22,0,0,6,0,1,0,2,1
"700107778",1120,903,166,249,152,102,717,2,88,21,124,464,3,0,5,712,82,47,127,144,18,2,160,0,46,17,271,0,0,0,6,8,2,27,0,4,0
"700114872",4782,653,1123,290,553,939,848,521,343,115,118,1180,2,0,262,56,83,23,35,209,140,1,596,0,8,34,32,120,3,8239,6,36,132,3,94,66,0
"700106914",11710,482,531,0,132,2138,595,8,86,610,0,20,1045,210,0,57,171,343,23,21,769,0,188,0,0,0,0,0,0,0,0,64,1,0,0,28,37
"700038520",4234,667,820,170,524,484,482,5,236,173,87,157,332,6,0,0,39,162,2,20,93,0,31,0,96,2,0,1,19,0,0,24,10,52,0,61,0
"700114125",2466,1358,1334,236,767,1274,541,0,734,783,439,71,115,24,0,103,304,89,13,50,108,0,14,0,60,0,482,0,131,0,0,59,32,5,0,18,2
"700105856",4828,1457,298,440,465,1022,733,0,155,470,317,831,0,16,0,0,83,270,0,4,67,0,406,0,239,4,48,0,1,0,0,44,67,2,80,1,2
"700015406",8569,11,374,399,66,1628,807,0,159,47,39,7,0,0,370,0,1,109,0,5,388,75,1,0,2,0,2,0,0,0,8,18,0,0,0,1,18
"700015407",10212,24,478,466,56,1952,1190,0,196,42,32,6,0,0,466,0,0,176,0,6,520,66,2,0,0,0,2,0,0,0,4,28,0,0,0,2,32
"700021824",1130,142,216,77,235,199,323,0,128,220,188,19,5,0,16,16,58,262,3,10,19,10,9,0,50,1,0,0,0,0,0,11,2,7,0,0,1
"700024998",2603,515,565,118,420,410,684,3,398,127,164,530,12,0,3,0,44,71,14,21,29,9,120,0,47,9,56,1,8,0,2966,1,49,34,1,10,0
"700035747",2171,174,95,163,50,80,34,0,14,38,2,0,0,0,59,0,322,19,0,0,59,0,8,0,0,0,0,0,1,0,0,69,1,0,35,3,0
"700037122",1238,271,451,24,75,311,121,3,97,63,26,14,116,0,19,0,74,16,1,2,36,0,1,0,19,0,0,0,16,2,0,10,3,0,0,0,0
"700013596",1313,767,10,60,384,83,180,0,162,107,24,43,0,203,0,0,10,13,0,8,33,0,13,0,28,6,46,0,112,0,0,5,14,16,31,1,47
"700097859",929,422,163,258,268,80,561,0,20,69,97,97,29,30,38,24,28,73,84,16,30,0,39,0,0,18,0,0,3,0,11,9,4,2,0,38,0
"700035392",2063,165,122,36,50,26,13,0,55,62,1,1,0,11,3,0,30,13,0,0,14,0,0,0,3,0,0,0,0,0,0,3,1,1,0,1,0
"700097650",1565,371,147,683,821,241,896,282,742,78,87,1830,13,127,300,856,153,64,44,115,30,0,819,240,47,11,21,15,234,0,0,18,21,137,0,12,0
"700096380",1107,214,99,85,226,140,419,0,43,79,121,65,0,15,3,0,30,54,1,23,46,0,72,0,0,2,49,0,20,0,70,28,11,2,0,3,0
"700035804",1321,360,396,25,568,44,228,0,106,15,319,10,347,39,0,52,58,20,0,6,78,0,0,0,10,2,39,0,3,0,0,0,1,17,1,2,0
"700102261",1427,16,36,195,100,253,54,2535,109,33,1,11,0,488,0,14,3,71,298,102,58,33,11,137,5,3,26,156,0,0,0,10,0,0,60,2,5
"700106170",10523,1551,3144,522,3013,3140,2457,4,1578,712,202,409,3,304,94,459,945,562,48,233,361,327,189,0,107,73,51,0,23,0,0,114,425,19,10,64,0
"700113541",11214,0,41,1,31,107,53,0,48,39,1,17,300,134,0,0,3,17,0,0,22,0,1,0,0,0,0,0,0,0,0,1,0,0,0,2,2
"700033749",21848,3394,1176,3932,466,1270,1554,0,508,644,74,1148,606,0,138,314,58,72,3494,1786,112,0,34,0,0,56,0,0,48,0,370,64,20,26,0,2,12
"700033202",3264,457,256,319,140,175,245,0,75,33,0,4,140,0,13,153,206,21,23,10,18,0,3,0,117,0,0,0,2,0,0,6,4,0,0,5,4
"700103478",5727,2411,1646,1283,538,1389,1535,0,1325,865,153,201,50,112,124,169,167,140,87,59,48,642,262,0,180,8,149,0,3,0,0,12,177,36,32,18,0
"700024566",15239,1837,372,976,304,1147,505,0,922,3409,7,71,1154,83,0,0,58,72,2,48,36,0,57,0,242,0,0,0,144,0,0,38,44,3,0,1,11
"700015398",12216,125,69,1241,233,90,31,0,16,1,59,5,21,0,0,0,0,0,3,12,5,0,3,0,1,1,0,0,1,0,0,3,0,0,0,1,2
"700015399",21953,334,142,2522,225,135,48,0,24,2,113,11,54,0,0,0,1,3,4,20,7,0,3,0,4,0,0,0,0,0,0,3,1,0,0,2,8
"700095793",3693,322,69,70,95,125,192,0,85,24,70,27,54,0,10,40,27,25,3,6,26,30,1,0,46,0,2,0,5,0,0,6,4,0,2,1,0
"700106326",1056,0,42,0,34,11,12,0,10,7,0,4,1,0,0,0,1,0,0,0,1,0,0,0,16,0,0,0,0,0,0,0,0,0,0,0,0
"700038902",3405,247,542,281,183,280,118,278,150,322,233,42,0,0,135,61,115,74,782,148,12,40,7,103,34,5,13,22,0,0,174,8,3,8,64,18,2
"700101366",1794,175,52,111,80,250,251,0,47,58,87,20,7,0,1,151,38,148,4,7,19,145,0,0,8,1,23,0,6,0,16,8,1,2,95,8,0
"700107011",2141,228,40,28,33,20,30,0,18,18,4,0,2,2,22,2,2,22,1,0,14,2,0,0,2,1,54,0,0,0,0,5,0,4,0,15,0
"700105306",4194,661,695,513,250,853,779,0,307,116,839,181,87,0,134,230,6,34,52,172,36,290,70,0,50,16,162,0,0,0,0,32,20,12,1,10,2
"700109884",11086,686,202,907,160,95,101,0,29,56,5,0,4,439,0,0,24,61,0,9,38,157,0,0,0,0,0,0,0,0,0,1,0,0,139,16,1
"700016765",530,0,147,140,95,104,222,880,101,7,63,45,0,97,0,5,5,47,192,44,13,0,14,130,0,1,0,98,6,0,0,3,2,0,0,10,2
"700108915",27452,1733,848,0,425,526,856,0,67,801,578,1135,1,360,0,1565,95,170,520,175,108,543,27,0,197,14,60,0,0,0,0,16,8,18,0,23,1
"700101534",2906,276,22,81,87,58,98,0,39,75,4,2,0,0,4,0,2,7,0,1,34,0,2,0,0,0,0,0,0,0,1,5,2,0,0,1,1
"700016564",3814,236,70,495,97,62,80,3002,186,18,0,124,2,11,0,343,1,20,12,215,5,0,4,254,30,10,4,57,0,0,0,0,7,7,1371,3,0
"700024107",11736,674,3383,1270,2406,7374,3687,260,1867,1655,1124,436,25,0,89,1146,306,696,48,839,427,214,281,0,189,15,52,1233,0,0,0,174,286,8,126,25,440
"700109943",4229,1610,407,416,203,209,177,5,268,239,165,129,163,1,3,183,248,71,204,22,76,0,40,238,0,0,242,0,20,0,0,10,3,0,29,24,1
"700108493",12193,1259,556,1258,463,1537,1228,0,110,904,442,351,792,0,84,320,78,171,12,53,154,0,110,0,145,4,142,0,0,0,0,8,45,11,0,18,4
"700038158",1891,575,293,69,326,90,406,3,322,71,43,13,18,0,38,15,48,60,4,14,7,20,8,0,40,3,17,0,0,0,0,3,17,31,0,3,0
"700097022",1083,461,81,68,655,13,362,0,92,18,53,20,2,1,5,117,63,10,448,30,7,0,27,0,110,0,27,0,0,0,0,2,10,13,0,3,0
"700096962",2427,6,114,16,23,241,76,0,1,347,0,0,0,22,0,0,1,40,0,1,194,58,0,0,0,0,0,0,0,0,0,1,0,0,11,3,0
"700102062",2539,0,97,0,82,199,90,852,54,21,270,3,0,4,0,1,1,47,1,9,26,0,1,0,0,0,0,0,0,0,0,2,0,1,10,1,0
"700021876",5623,1284,5742,990,1389,2957,1752,2,233,1860,404,54,0,0,1015,0,555,369,4,9,394,0,124,0,126,5,0,0,0,0,0,32,39,9,1,33,29
"700014724",6715,1701,1313,921,925,392,444,0,886,215,171,638,2348,0,373,909,610,77,121,63,365,0,143,0,147,342,0,0,11,0,0,3,25,16,0,4,1
"700014723",5048,1130,1229,676,717,247,397,0,459,171,141,401,1934,0,320,646,572,74,82,64,223,0,109,0,108,167,0,0,5,0,0,3,10,7,1,5,0
"700038322",2134,511,921,292,339,378,558,676,419,46,113,44,0,399,28,3,209,133,321,156,33,477,5,8,13,83,80,212,0,0,5,9,10,9,1,1,0
"700111244",5317,89,9,261,20,3,44,0,7,15,24,0,9,43,0,20,2,4,0,1,7,0,0,0,0,0,0,0,1,0,0,4,1,0,0,0,0
"700106259",6039,1047,962,1485,270,1184,596,4864,750,258,5,112,566,0,104,394,75,64,76,434,45,0,11,0,185,15,842,18,0,0,0,20,11,124,73,8,6
"700109405",6546,0,5,170,201,218,79,3,125,46,0,3,0,1,42,0,133,37,0,2,157,0,7,0,0,0,0,0,0,0,0,27,0,0,0,1,13
"700102924",5257,0,140,948,98,485,57,0,217,181,40,11,3,72,0,0,5,5,0,8,22,345,5,0,0,1,0,0,0,0,0,8,1,0,0,4,5
"700103327",4,0,4,0,2,165,9,10,0,8,3,730,0,1,0,0,95,10,0,0,28,0,211,0,0,0,0,0,0,22,0,0,14,0,2,22,0
"700103328",1125,396,356,126,666,164,313,994,192,84,4,55,0,0,0,252,296,53,5,98,26,8,15,33,34,10,1,19,0,0,0,7,14,35,0,2,5
"700100432",2022,65,15,142,30,3,24,0,11,2,30,8,0,0,12,0,19,6,0,0,8,12,1,0,0,0,0,0,0,0,28,0,0,0,3,0,0
"700016609",4310,106,135,638,494,461,467,9006,214,247,267,217,0,701,2,60,30,241,577,350,46,16,124,376,27,11,124,477,0,0,0,52,6,9,36,2,19
"700111461",3759,318,299,224,155,441,290,0,45,125,57,128,170,0,48,110,11,194,33,21,58,0,7,0,139,9,0,0,11,0,0,9,0,3,0,1,0
"700114179",7610,221,0,1132,113,696,412,5,4,258,7,11,0,38,0,0,276,95,0,28,317,1,9,0,0,5,0,0,0,0,0,15,0,77,0,2,184
"700032244",265,118,51,42,343,110,314,0,37,41,360,1,0,0,11,0,106,15,0,0,98,0,7,0,7,0,0,0,0,0,0,6,2,0,0,19,2
"700014836",2215,562,990,570,639,729,1547,478,281,35,139,864,124,257,1,96,28,91,367,158,40,36,357,0,106,151,26,4,25,0,6,144,81,2,1,11,0
"700014837",7863,1955,2609,1923,2091,2076,4556,1899,1264,115,157,3494,537,1178,4,206,74,262,1777,385,160,123,778,0,455,798,87,18,104,3,10,514,1007,20,4,23,1
"700034794",1639,38,27,346,48,16,62,0,15,54,11,45,0,0,26,67,7,17,9,60,9,18,8,702,2,248,44,5,0,0,58,4,0,2,0,11,1
"700099400",4527,0,35,403,13,181,116,0,0,0,0,0,0,77,0,0,0,176,0,1,21,107,0,0,0,0,0,0,0,0,0,1,0,0,0,1,6
"700037179",1107,295,212,997,73,137,76,0,67,29,3,145,4,77,0,0,58,1,6,16,43,47,18,0,55,9,37,0,96,0,0,7,36,1,4,13,2
"700108180",5866,54,152,1033,87,48,36,0,25,196,198,3,0,0,65,0,20,14,1,17,24,141,0,0,0,1,0,0,0,0,0,5,0,35,20,26,1
"700096722",3653,0,0,0,62,44,49,0,5,0,0,1,0,26,0,0,3,5,0,5,64,4,3,0,0,0,0,0,0,0,28,0,0,0,0,3,4
"700099237",3750,73,56,46,42,57,26,0,22,7,41,0,1,5,0,85,3,28,24,7,6,9,1,0,10,0,0,0,0,0,0,5,0,45,9,4,0
"700114246",2837,298,292,506,309,911,175,18,384,504,28,46,0,0,53,14,30,35,4,25,14,0,1,0,0,7,39,2,70,0,0,2,1,15,0,0,1
"700109643",5194,144,28,182,25,74,53,0,13,170,21,5,0,0,9,28,1,21,3,40,19,48,1,496,53,0,0,0,0,0,0,7,0,0,0,11,1
"700106350",17027,344,0,4605,422,519,558,2,1,203,22,43,0,328,0,0,1033,140,16,101,122,0,20,0,0,10,0,0,0,0,0,18,1,453,0,9,693
"700015249",1553,537,457,305,162,613,594,6559,105,516,99,206,165,0,173,0,32,282,1,66,115,0,86,0,123,11,88,23,0,0,29,47,18,7,6,21,0
"700021934",3029,88,18,157,1605,21,33,1,9,14,1353,12,0,5,0,0,5,0,0,4,5,0,21,0,0,0,0,0,0,1,0,0,0,0,0,0,0
"700106784",1520,1088,560,400,493,512,327,0,184,94,81,130,6,0,0,76,289,38,8,53,19,83,73,0,84,10,0,0,95,0,2,10,9,14,2,1,49
"700111178",6813,567,182,180,128,76,74,2,142,112,0,2,3,2,364,316,22,24,5,26,32,3,4,0,68,0,50,0,268,0,0,41,2,0,0,21,5
"700032087",1946,254,61,338,110,71,127,45,21,17,85,12,14,24,61,173,4,9,916,77,33,0,2,191,27,0,0,3,0,0,0,5,2,1,0,0,0
"700102375",2184,33,79,163,16,385,61,0,12,330,3,3,9,36,0,64,25,66,16,15,25,94,0,0,0,8,0,0,0,0,0,5,0,0,6,5,0
"700038626",16624,3992,74,9303,1085,167,169,2088,2122,148,16,113,313,599,0,0,135,127,6,182,9,862,2,0,150,23,1,11,0,1,0,60,4,104,54,1,7
"700014490",11708,0,1900,856,489,1274,3230,0,198,867,464,224,753,373,0,1356,10,195,51,185,580,0,513,0,0,11,0,0,125,0,0,43,67,0,0,18,8
"700024673",3259,2566,140,720,196,202,171,1,779,80,83,78,1614,0,140,1055,195,12,31,165,49,0,5,0,52,3,92,0,49,0,0,3,8,2,0,4,2
"700032133",2731,28,2,219,9,12,19,0,1,9,0,1,7,0,5,0,0,3,0,2,5,0,0,0,0,0,0,0,0,0,0,2,0,0,0,0,2
"700098754",2378,32,106,66,5,84,18,0,16,21,0,0,0,2,0,0,179,45,0,1,25,103,0,0,0,0,0,0,0,0,0,2,0,0,1,4,1
"700024470",10148,2479,222,503,413,379,360,3128,1986,74,19,112,672,7975,0,5701,331,10,79,828,68,0,13,0,0,13,0,38,0,0,0,8,9,125,0,15,9
"700097253",2387,2,10,142,18,45,14,0,10,68,84,0,4,0,1,16,7,7,4,14,9,0,0,0,9,0,0,0,1,0,1,0,1,0,0,2,1
"700096612",1171,1194,288,0,220,59,81,30,48,124,20,1,19,2,5,0,44,24,0,2,75,2,0,0,4,0,0,9,1,0,0,10,0,0,0,3,0
"700106093",16634,762,4379,0,829,2107,571,4,526,2162,234,112,11,4627,4,0,1181,590,0,6,127,5448,52,0,0,1,0,0,0,0,0,51,11,0,8,23,145
"700106542",3258,0,495,1119,152,135,158,1,133,49,0,33,359,0,0,0,3,7,0,23,60,0,7,0,0,0,1,0,0,0,0,6,0,0,1,11,21
"700107949",4237,156,223,585,40,80,88,1,9,64,0,1,0,47,0,0,4,34,0,1,101,0,16,0,0,0,0,0,0,0,0,10,0,0,1,6,5
"700097773",845,152,211,107,224,159,473,576,11,233,59,15,15,73,0,33,144,26,99,25,57,0,10,24,32,1,22,453,0,0,0,25,16,3,0,61,0
"700016012",121973,3250,10,15187,672,4472,2822,12,1002,9542,0,80,2249,0,16390,0,122,480,4,176,110,0,148,0,0,12,0,2,0,6,0,166,0,116,0,26,480
"700016013",16023,275,1,1964,61,1885,245,0,82,966,0,32,469,1,2909,0,5,65,0,21,20,0,90,0,0,0,0,0,0,4,0,27,1,16,0,4,47
"700099021",7302,0,277,116,108,582,133,1,55,540,11,34,683,44,0,0,32,92,0,3,67,0,12,0,0,0,0,0,29,0,0,42,0,0,0,35,4
"700033152",7315,2441,1398,1458,1299,413,765,38,296,105,966,1251,0,16,0,21,565,151,9,27,70,144,916,0,271,13,0,0,132,0,0,102,86,2,8,73,8
"700033153",15728,6624,3082,3224,3048,1094,1704,78,1188,174,2530,3024,0,46,0,60,1090,160,20,114,156,408,2108,0,596,26,0,0,472,0,0,188,260,6,18,130,8
"700102135",2633,317,0,1516,21,31,19,0,5,53,1,0,0,0,39,19,2,3,0,3,7,254,0,0,9,0,30,0,0,0,0,0,1,0,6,0,1
"700106930",1773,1011,284,263,341,153,126,1594,189,113,6,34,0,9,0,237,55,55,5,99,38,85,2,25,102,4,0,21,0,0,0,14,3,2,10,2,4
"700037484",11603,1093,262,435,191,395,206,0,526,744,1,33,420,936,0,0,63,22,2,55,56,0,7,0,637,0,0,0,23,1,0,31,12,7,1,1,2
"700096123",2733,192,12,3,26,32,31,0,37,43,172,2,5,0,13,0,38,16,0,0,25,0,1,0,2,0,1,0,0,0,0,1,1,0,0,116,0
"700038472",5281,231,4370,1041,569,3575,1518,737,471,2404,285,324,21,0,189,11,252,372,12,99,1244,530,34,0,153,9,73,146,0,2,426,177,30,12,15,250,2
"700023987",1882,358,930,210,874,709,604,52,265,392,736,226,32,4,25,11,496,50,1,5,134,0,75,3,17,0,3,26,628,0,0,36,25,1,0,3,5
"700014845",11397,2,6178,674,459,1122,177,3,71,16,0,8,145,1705,0,0,27,43,0,22,46,0,6,1111,0,1,0,4,0,0,0,2,3,0,0,33,5
"700014844",5893,1,4162,404,188,630,164,3,13,15,0,7,67,723,0,0,23,26,0,41,28,0,4,571,0,0,0,0,0,0,0,3,0,0,0,11,0
"700108117",1741,73,46,217,42,46,48,0,15,24,5,1,29,49,0,75,99,5,1,5,48,0,11,0,49,0,0,0,0,0,0,11,0,8,0,0,3
"700037852",2801,509,45,88,32,97,35,0,35,48,10,76,3,0,13,105,32,3,4,74,5,0,1,0,10,0,20,0,0,0,0,6,3,2,298,0,1
"700111833",3256,2,35,68,72,56,22,0,20,0,0,3,2,0,0,12,37,1,1,20,0,35,8,0,9,0,11,0,0,0,0,0,0,0,10,19,3
"700099978",3272,139,222,277,74,247,59,0,152,81,13,9,0,0,73,33,15,90,3,9,50,65,34,0,0,11,0,0,0,0,107,4,0,17,1,10,0
"700098621",2306,0,88,0,27,123,31,0,58,46,4,5,107,49,0,0,26,112,0,0,15,0,0,0,0,0,0,0,0,0,0,10,0,0,0,2,0
"700038053",6433,2080,2525,1079,2055,3063,5549,2502,2826,368,60,663,31,0,12,318,494,1490,79,265,113,96,191,0,206,23,183,24,41,3,5,7,91,23,5,55,63
"700111318",3740,119,357,0,784,388,317,0,221,782,2,2,11,0,146,6,227,241,0,3,150,0,2,0,6,0,0,0,6,0,0,68,2,5,0,18,1
"700101657",5087,423,829,214,205,439,336,0,142,146,90,21,151,1,274,2,28,42,2,24,68,0,8,152,69,1,22,1,36,0,3,11,10,3,0,90,49
"700024930",3780,201,95,1610,31,513,230,0,20,123,0,38,597,0,35,119,0,53,41,65,85,0,19,0,6,0,0,0,2,0,0,18,0,0,0,33,10
"700102678",1302,1,26,67,3,72,13,2921,1,44,0,3,0,209,0,10,14,5,424,31,2,401,0,0,0,0,0,10,0,0,0,4,0,0,15,0,1
"700034254",2473,114,125,696,298,263,466,28,131,54,14,3,77,97,0,273,426,21,2,17,222,0,64,0,57,2,0,0,1,0,0,75,1,17,0,31,36
"700108977",7058,0,0,0,31,31,8,0,25,49,0,23,0,139,0,0,11,1,0,122,18,34,2,0,0,1,0,0,159,0,27,0,0,0,0,6,1
"700034926",2764,119,43,169,162,161,124,0,103,92,109,8,7,14,1,160,52,37,2,20,38,55,1,360,61,8,3,0,0,1,81,2,1,5,0,0,0
"700015703",4920,2808,210,1753,648,396,482,2987,1546,85,6,738,4,657,549,10,56,110,79,180,44,75,350,0,119,97,422,7,111,0,0,32,34,996,6,3,135
"700015704",10232,6169,517,3464,1096,844,1006,6411,3783,147,12,1165,27,2058,1457,65,153,348,125,173,113,153,727,0,411,122,1083,13,164,0,3,37,98,1362,6,7,299
"700101243",3913,479,271,74,589,85,167,0,199,52,1039,2,0,308,0,138,69,27,0,7,17,0,0,0,32,0,17,0,0,0,0,5,5,11,0,1,0
"700107208",4904,113,61,244,31,39,16,0,52,41,0,1,0,164,0,0,10,1,0,2,25,0,0,0,7,0,0,0,0,0,0,8,0,0,0,0,0
"700101916",1601,110,314,26,28,17,90,0,36,3,17,13,14,0,25,47,15,4,4,6,3,0,1,0,10,3,0,0,0,1,0,2,0,4,0,1,0
"700024509",8271,1837,1760,0,688,1903,897,2,388,1119,256,95,0,0,38,0,302,660,0,10,182,855,42,0,0,3,0,0,163,0,0,24,25,1,8,116,1
"700023313",1922,401,1798,443,3207,2221,3610,2220,1241,497,325,553,66,0,1,104,1404,1579,9,34,198,202,354,0,50,6,60,10,133,0,3,139,78,8,2,226,372
"700101309",1659,140,78,357,139,93,347,214,53,92,233,32,65,26,64,64,12,10,536,51,19,0,10,330,37,0,0,6,0,0,0,7,0,0,0,9,0
"700102541",1009,620,69,352,338,40,1419,6,136,11,70,76,0,6,3,48,39,23,0,5,13,23,20,17,33,2,90,8,0,0,0,1,10,58,40,1,51
"700024318",3530,820,2255,413,792,1179,925,102,987,379,255,146,2,364,0,256,232,102,11,299,87,114,41,1,83,11,95,1176,123,0,0,23,29,12,0,47,164
"700023936",6943,611,3113,391,367,593,381,0,141,445,11,62,8,513,0,28,109,91,25,22,11,1331,21,0,89,1,60,0,11,0,4,56,0,4,6,22,46
"700033989",357,33,194,15,41,152,112,1627,30,15,1,167,0,0,75,298,3,76,2,54,21,88,11,70,1,0,6,55,0,0,0,1,1,1,9,1,0
"700107892",5029,224,17,91,96,70,158,0,75,38,11,8,0,0,65,0,91,38,0,2,6,0,6,0,0,0,0,0,50,0,0,20,1,0,6,13,0
"700023539",4356,354,3198,0,1712,3141,1327,0,784,2671,771,57,0,1,156,0,2474,1597,0,6,43,99,111,0,0,2,0,1,93,0,0,19,70,0,1,71,0
"700107565",6394,0,119,11,36,68,48,0,4,157,33,2,6,5,0,0,10,74,0,2,36,0,1,0,0,0,0,0,0,0,0,21,2,0,6,1,5
"700103710",5640,1348,218,1103,460,790,512,0,348,211,116,128,945,0,142,0,411,49,0,18,217,0,32,0,0,11,0,0,2,2,0,77,35,1,0,42,11
"700105904",3683,426,505,125,138,396,214,0,132,195,23,34,4,0,177,99,52,6,1,20,117,165,3,0,31,0,22,0,2,0,0,8,2,3,48,2,2
"700015415",4169,1694,1720,99,3859,1073,3065,3,1611,464,1419,1766,0,1644,1,415,1083,81,0,7,279,0,1858,0,16,4,9,1,65,0,0,44,133,18,0,35,2
"700015414",2036,748,853,49,2385,406,1609,1,424,194,907,1309,0,647,1,195,444,53,1,13,116,0,764,0,7,3,4,1,40,0,0,10,60,8,0,9,1
"700095543",1246,447,77,361,101,41,39,2,57,50,2,7,32,5,20,0,22,8,2,8,11,0,3,0,129,4,5,0,0,0,0,5,2,4,5,4,31
"700099464",2112,34,45,18,7,127,158,0,4,94,3,0,0,24,0,0,16,28,0,7,12,254,0,82,0,0,0,0,0,0,0,16,0,0,7,3,1
"700109827",13432,925,737,608,229,408,136,0,74,115,0,16,0,49,6,284,12,256,10,34,97,0,15,0,88,6,0,0,0,0,0,22,2,8,432,27,3
"700097437",1879,97,176,28,184,126,65,9,164,54,99,1,0,84,0,0,150,52,0,2,26,0,4,0,0,1,0,0,0,0,0,12,0,12,0,7,0
"700023226",3608,206,12,0,18,10,6,0,12,14,21,0,0,52,0,0,4,2,0,7,4,16,0,156,18,0,0,0,0,0,0,1,1,0,0,0,14
"700014955",3998,1284,584,1039,1066,564,456,5364,497,606,35,73,4,838,0,1107,44,406,77,840,54,46,22,343,462,1737,217,582,0,0,0,9,9,188,460,0,76
"700014956",7609,2641,1595,1938,2468,1426,1084,10105,1224,891,58,338,15,1332,0,2156,82,691,336,3063,84,138,24,676,986,3176,428,1097,0,2,0,30,10,235,1014,0,188
"700096530",1072,39,75,204,138,155,258,0,27,161,11,44,93,0,8,47,37,52,147,124,27,0,5,0,23,3,0,0,0,0,11,25,4,10,1,3,0
"700023845",7643,652,52,883,308,231,158,1,350,171,198,110,1174,0,26,0,303,37,0,21,34,0,9,0,0,4,0,0,0,1,107,14,2,6,0,19,6
"700016141",16001,0,50,2683,286,649,288,0,870,249,325,44,0,23,0,0,2,29,0,17,251,265,9,0,0,1,0,0,0,1,0,8,1,0,0,11,28
"700016142",27080,0,100,4714,540,1058,502,0,1666,480,518,90,0,50,0,0,10,36,2,32,480,584,12,0,0,2,0,0,0,0,0,20,0,0,2,12,22
"700037389",225,304,151,456,38,36,53,2292,160,40,7,82,1,0,0,29,39,5,11,93,9,195,1,0,68,15,0,9,0,0,2,5,2,6,13,2,0
"700095975",2231,769,65,131,465,488,698,0,194,47,129,99,0,0,55,0,17,83,0,6,29,0,5,0,49,2,55,0,0,0,0,3,10,26,13,11,3
"700108802",14424,858,48,51,53,52,102,0,74,83,0,4,23,0,320,0,39,8,0,4,39,0,0,0,28,0,9,0,0,0,0,15,0,1,7,46,1
"700034857",2078,89,20,109,27,10,26,0,31,11,0,0,0,64,0,118,0,0,0,11,0,13,0,0,11,0,0,0,0,0,0,0,0,0,1,0,17
"700101600",623,393,51,177,122,84,302,7,116,49,5,125,1,0,69,64,45,19,2,85,6,39,18,224,21,10,18,130,0,0,84,5,1,8,16,7,67
"700113093",5636,0,1424,0,361,821,490,17,485,191,0,29,314,4,0,0,33,123,0,44,241,0,38,779,0,2,0,1,0,0,0,51,8,0,0,28,81
"700038761",5538,1483,205,0,731,1004,406,1,153,665,515,49,255,0,156,16,121,64,84,113,48,0,27,0,161,25,0,0,0,0,0,13,10,30,0,9,2
"700114017",9953,1432,294,351,141,345,233,1,130,162,57,25,19,0,4,448,13,87,155,216,66,103,3,281,152,2,56,1,0,0,0,13,5,19,12,3,33
"700095669",680,272,204,160,294,75,620,0,46,4,169,49,17,48,0,425,70,97,12,10,7,0,248,0,76,0,4,0,150,0,0,1,10,9,0,13,0
"700024711",15997,697,370,644,212,256,165,2,797,28,5,198,9005,0,265,683,44,6,30,317,60,0,11,0,219,2,0,0,0,1,0,21,4,0,0,17,25
"700110007",754,12,370,259,3011,135,2422,959,1375,66,69,125,0,0,10,106,5,188,4,49,54,0,116,86,25,2476,5,21,0,0,0,135,15,4,0,2,266
"700096887",3685,99,23,126,20,15,9,10,2,4,0,1,67,9,0,0,4,1,0,1,25,0,1,0,44,0,0,0,0,0,0,0,0,0,0,0,3
"700105496",9988,289,4851,151,554,1875,788,4,388,731,128,70,0,0,345,43,224,135,428,312,72,0,21,0,0,136,201,0,0,0,0,26,2,1,23,16,29
"700105723",6832,3225,760,156,477,1125,769,1,261,410,11,641,0,0,304,48,5,127,29,75,40,0,121,0,77,13,215,0,389,0,0,10,16,15,0,4,6
"700023023",2766,361,1448,289,948,1289,788,2,327,925,892,54,0,293,0,0,289,534,0,8,51,0,16,0,26,0,0,1,32,2,0,53,14,0,55,8,0
"700097376",2237,47,6,314,7,54,39,0,1,16,0,1,28,0,213,0,0,7,0,0,23,0,0,0,0,0,0,0,0,0,3,1,0,1,0,3,0
"700100559",4370,185,232,108,95,356,288,2,91,168,122,93,0,42,0,0,12,63,2,1,48,36,2,0,134,1,0,0,13,0,0,6,4,0,0,10,10
"700035400",3577,381,32,258,16,9,49,0,5,0,0,0,0,94,0,0,14,3,0,0,0,0,1,0,0,0,0,0,0,0,0,0,0,0,0,0,0
"700111524",6851,0,28,306,3,53,16,1,16,19,0,1,85,0,0,0,7,4,1,2,18,0,0,0,0,0,0,0,0,0,0,6,0,0,1,7,0
"700106647",5535,526,10,466,29,48,16,0,9,9,0,131,2,3,1,16,11,0,18,40,4,111,0,0,44,7,24,0,32,0,19,3,0,4,7,3,1
"700097503",2031,197,76,153,243,146,299,0,58,48,38,32,14,0,3,69,113,45,3,4,8,0,11,0,11,109,2,0,0,0,0,4,5,0,0,1,0
"700095372",2576,744,67,750,207,135,588,124,368,27,59,643,57,290,248,51,13,69,28,38,32,4,434,0,43,12,181,0,19,0,0,16,59,7,0,0,0
"700097994",741,80,691,224,244,45,223,0,58,32,94,21,22,9,17,15,68,47,297,15,12,0,10,45,23,568,4,0,0,0,0,10,4,7,0,8,0
"700112004",4812,347,521,203,145,314,229,15,121,509,108,21,1,92,0,0,18,39,0,8,72,80,21,0,208,0,0,0,146,0,0,16,1,1,0,15,18
"700097710",3679,858,205,466,233,292,673,0,207,108,26,117,1,0,136,442,21,33,1142,90,39,49,37,0,47,7,125,0,21,0,0,8,5,7,4,5,0
"700099081",2718,237,543,762,440,983,991,57,96,143,106,805,10,0,32,132,40,200,150,62,108,221,131,0,109,38,19,17,377,0,393,14,52,10,14,68,121
"700033503",2789,54,57,39,29,66,61,0,22,82,341,7,6,2,0,239,12,13,7,32,20,61,0,0,0,0,0,0,0,0,0,2,0,0,6,3,1
"700100249",5939,0,0,80,0,228,148,0,0,0,0,8,113,0,524,0,0,88,0,5,7,0,2,0,0,0,0,0,0,0,0,0,0,0,0,1,1
"700024615",4629,1799,585,755,365,91,187,0,767,131,235,137,127,0,67,850,14,15,92,279,3,482,3,0,38,16,106,0,0,0,0,3,3,60,7,0,1
"700097589",3329,1581,197,201,395,212,103,279,604,125,372,13,0,25,0,0,57,25,0,40,11,14,3,794,56,0,0,7,399,0,0,11,5,0,1,0,13
"700038414",374,379,427,158,915,123,520,822,487,49,7,139,10,0,62,11,58,76,192,119,13,200,96,0,4,330,53,220,0,0,14,6,16,11,70,5,20
"700016921",5313,489,315,375,42,186,101,0,93,96,1,24,100,1,108,6,32,41,3,34,85,0,3,131,88,0,61,0,0,0,19,13,1,0,0,24,57
"700096180",474,11,77,74,543,126,284,171,366,50,154,30,0,0,11,8,21,108,0,6,126,0,25,34,2,190,4,6,0,0,0,73,3,4,0,0,181
"700105372",3357,922,759,89,1046,926,750,7,358,260,303,343,1,79,0,341,71,50,26,469,48,516,37,1,50,17,88,866,29,0,18,30,49,8,10,39,13
"700110177",3065,0,8,0,10,184,120,0,1,24,0,6,0,0,0,0,1,12,0,0,33,540,2,0,0,0,0,0,0,0,0,0,0,0,18,1,1
"700100619",749,223,246,267,345,936,885,113,84,106,49,70,44,54,42,162,269,166,6,7,37,0,32,0,126,5,72,0,2,0,0,9,9,5,0,22,0
"700113562",3669,228,1302,228,1251,489,467,0,301,421,1406,202,78,0,83,0,81,141,1,12,76,0,3,0,43,15,0,0,149,0,128,4,4,4,1,26,0
"700024173",8593,2443,750,0,234,109,71,4,73,108,54,14,0,70,0,0,38,15,0,11,18,0,11,0,0,2,0,1,199,0,0,10,4,0,35,0,1
"700105238",10430,225,174,665,86,912,340,0,55,325,1,16,0,39,0,0,19,76,0,14,19,0,6,0,1,1,0,0,0,0,0,1,1,0,0,102,4
"700095235",727,374,27,492,57,128,123,0,15,189,75,71,1,6,0,455,10,2,4,4,2,0,41,0,7,8,7,0,1,0,0,4,1,0,1,0,0
"700035533",2968,508,21,40,17,6,21,0,5,8,12,1,57,26,0,143,5,2,0,9,4,0,0,0,43,0,2,0,0,0,0,0,1,8,0,1,0
"700108304",14406,366,464,464,544,448,307,0,515,314,60,7,32,0,33,32,177,82,5,4,88,174,0,0,64,0,2,0,8,0,0,20,2,0,1,9,0
"700098220",1745,134,90,117,105,89,127,1,65,240,84,5,40,0,63,43,28,30,1,4,73,0,0,0,7,1,9,0,0,0,0,14,3,7,17,33,0
"700108858",1763,169,79,1049,139,481,138,0,150,466,81,101,410,0,137,0,25,63,1,4,81,0,66,0,0,0,128,0,2,0,108,9,3,3,0,15,0
"700110243",10783,1306,889,647,1057,1472,1402,0,276,157,70,273,101,0,5,509,656,299,44,81,144,0,188,0,233,1160,54,0,24,0,0,33,35,4,89,46,0
"700106695",900,201,123,159,126,149,122,4344,35,12,18,58,0,0,215,4,45,31,2,122,3,81,16,23,15,8,8,71,0,0,0,7,3,3,2,0,0
"700111596",3803,55,796,50,257,249,115,0,9,76,146,5,2,0,47,0,13,114,0,17,6,120,6,177,1,1,0,0,0,0,0,2,0,0,0,0,1
"700098381",3033,208,269,1057,249,216,178,0,153,8,9,88,633,46,0,383,14,15,503,145,1,0,23,0,40,43,51,0,14,0,0,5,3,10,0,0,1
"700105181",16208,1001,5537,699,8948,3145,1553,55,5320,748,1507,615,832,3796,0,2,641,1210,2789,791,193,0,174,1,456,52,0,992,0,0,0,45,280,29,0,87,63
"700032414",1264,48,123,125,108,66,53,181,62,101,103,44,37,12,0,25,14,52,4,10,11,0,18,0,19,0,0,1,0,0,0,4,1,0,47,3,1
"700103575",886,47,23,109,31,158,79,3333,28,23,0,18,0,121,0,0,2,2,7,195,7,149,5,146,12,2,0,121,0,0,0,6,2,3,0,0,6
"700105771",1267,1175,1196,190,3022,769,714,1,1586,32,102,162,87,1,45,590,365,5,20,75,43,0,27,0,47,5,18,0,42,0,0,12,115,2,0,5,0
"700015118",12503,0,0,0,3,117,108,0,2,0,0,2,242,0,309,0,0,14,0,0,17,0,0,0,0,0,0,0,0,0,0,0,0,0,0,3,1
"700015117",14204,0,1,0,14,440,346,0,0,20,0,60,1052,0,1100,0,0,115,0,0,47,0,7,0,0,0,0,0,0,0,0,0,0,0,0,4,5
"700014391",7671,1821,392,1025,561,597,478,48,1412,54,104,863,42,533,193,95,103,248,106,122,90,79,235,0,77,20,319,1,134,0,0,172,49,6,1,8,8
"700014390",7007,1452,508,1009,867,406,1030,63,869,102,137,583,41,398,300,221,174,303,75,100,103,75,313,0,113,14,332,2,123,0,0,162,33,24,2,10,6
"700024379",6354,1695,1889,194,506,607,475,5,477,189,45,235,51,0,148,710,128,97,60,256,103,0,122,0,41,7,172,0,20,0,83,29,12,10,0,6,0
"700038386",3966,302,295,1056,333,325,326,354,871,144,27,79,1,0,33,237,44,36,39,89,49,627,8,13,33,9,20,48,0,0,0,35,27,33,11,20,16
"700015876",2259,20,46,18,35,8,10,0,2,59,15,32,0,7,21,0,15,6,0,0,16,66,1,0,0,0,0,0,0,0,86,4,0,0,7,2,3
"700102607",11958,2398,1063,2537,990,721,1497,3532,1297,46,10,2530,6,135,0,1492,85,244,98,450,156,0,452,558,755,129,170,57,10,0,0,73,178,77,136,75,0
"700098888",2186,234,38,131,86,100,110,0,85,89,29,1,0,0,131,46,18,17,0,7,26,0,1,0,0,1,0,0,1,0,0,3,1,2,0,0,2
"700033748",13922,1384,405,2198,192,659,835,2,203,366,50,237,306,0,110,454,18,106,940,316,51,0,18,0,0,4,0,0,15,0,393,31,4,2,0,0,5
"700014489",11441,0,1506,796,476,1576,2652,0,258,624,577,268,523,414,0,1141,10,140,3,40,655,0,1043,0,0,8,0,0,66,0,0,54,124,0,0,20,20
"700110663",10605,28,539,0,866,1036,949,3120,525,188,620,87,0,196,0,505,57,454,75,148,49,0,57,0,3,6,0,5,57,0,0,4,13,1,34,1,0
"700105632",2748,482,677,248,561,609,390,0,113,216,82,110,5,6,17,92,131,28,7,43,5,0,95,0,12,9,26,0,1,0,2,2,23,68,0,2,0
"700107059",854,98,72,27,66,28,166,0,11,44,10,3,19,0,0,0,5,12,0,2,20,0,0,0,32,0,0,0,0,0,0,5,5,2,0,2,0
"700114517",3599,0,772,199,55,303,384,1,18,326,0,36,49,0,19,121,86,41,2,76,118,0,17,0,0,1,0,0,0,929,0,7,3,0,0,9,0
"700014561",5098,469,382,3000,1968,281,880,0,258,122,864,264,846,4,0,466,30,58,1330,477,9,0,34,0,23,185,31,0,10,0,10,4,47,11,0,0,2
"700014562",5320,660,394,3185,2023,263,748,3,272,122,838,173,667,1,0,519,34,48,1601,667,9,0,32,0,29,395,35,0,8,0,19,6,56,13,0,0,9
"700097928",2465,160,74,95,64,37,117,0,58,88,83,3,12,5,105,36,47,19,148,97,16,0,2,0,38,2,0,0,0,0,0,6,0,0,0,6,0
"700109252",3702,310,156,54,174,223,75,0,52,89,1,9,38,4,21,14,18,13,198,193,44,0,2,0,30,13,0,0,2,0,0,5,2,0,0,14,0
"700114653",4193,367,3852,95,632,226,507,0,220,12,176,74,14,33,0,0,132,38,0,28,13,0,37,45,26,2,0,1,14,0,11,4,4,1,0,7,0
"700033665",2437,297,138,378,111,209,270,0,80,44,51,16,5,0,2,220,71,95,6,27,63,190,3,0,30,3,28,0,7,0,6,5,2,1,126,17,0
"700110375",7173,596,356,241,781,896,440,0,1188,126,111,39,0,0,250,5,8,22,8,16,163,0,26,0,0,3,0,0,28,0,0,52,3,11,0,3,4
"700114287",5601,592,164,84,89,33,39,2,39,15,141,3,0,13,0,0,59,19,0,8,9,4,2,203,52,0,0,1,0,0,0,2,0,0,0,14,17
"700107508",2735,369,35,903,332,94,834,227,202,21,1,153,6,11,23,1134,13,58,18,76,35,40,139,242,18,2,87,55,0,0,0,39,11,46,0,0,4
"700035256",475,968,25,85,318,87,493,24,130,16,674,46,50,0,556,13,137,9,6,2,485,0,25,33,8,14,16,8,0,4,71,1,8,27,0,27,0
"700100312",337,0,134,354,224,247,171,502,46,102,101,25,0,182,0,4,1,115,434,67,67,0,0,261,0,3,0,206,4,0,0,2,0,0,0,5,0
"700037284",2925,336,498,0,176,91,257,0,122,58,61,11,55,0,6,6,62,40,0,9,37,0,5,0,59,0,16,0,4,0,29,10,2,0,0,3,0
"700024233",7128,0,1368,0,376,1021,411,1,107,912,82,82,828,198,0,0,247,165,0,4,82,0,41,0,0,0,0,0,0,0,0,32,8,0,0,7,4
"700114419",2404,349,696,192,1051,554,1072,2413,1059,233,58,861,27,76,0,376,138,122,16,151,48,399,228,0,153,16,8,304,15,0,11,32,43,1,15,16,0
"700109192",6906,508,238,127,684,289,1287,1,285,138,356,82,0,20,4,0,50,74,1,20,85,0,42,0,0,2,136,0,16,0,27,9,27,9,0,14,0
"700098131",3129,18,30,111,65,53,21,1,19,39,63,13,0,0,20,0,146,23,0,0,1,0,0,0,19,0,0,0,0,0,141,1,0,0,0,0,0
"700038978",3229,899,525,260,695,679,578,4,936,190,4,485,10,0,37,244,38,51,292,657,19,203,129,260,32,75,304,904,0,0,0,5,27,48,10,9,16
"700023654",740,965,136,45,3084,1570,849,0,55,836,527,467,0,0,37,15,259,36,0,9,44,0,532,0,18,7,0,0,665,0,0,22,15,11,0,2,0
"700016716",1461,229,135,41,592,89,164,292,235,44,308,5,3,172,344,0,220,31,0,1,83,0,23,0,8,1,2,1,3,0,0,77,6,4,0,17,5
"700037200",376,3230,209,146,269,180,222,3,148,108,321,444,0,3339,0,0,750,24,0,4,235,0,364,0,0,4,0,1,61,0,0,38,42,9,0,5,2
"700107397",9517,1050,230,395,373,346,396,0,65,207,77,10,0,30,343,0,554,56,0,15,144,0,4,0,128,0,0,0,99,0,0,10,22,0,0,10,13
"700035657",3189,36,192,198,21,43,18,304,33,9,0,0,0,359,67,0,9,25,0,1,1,0,4,0,3,0,0,1,0,0,0,6,0,0,0,0,0
"700106837",3755,438,225,618,157,299,126,0,148,131,82,16,10,0,78,0,145,8,0,9,38,51,3,0,20,2,0,0,177,0,0,22,5,2,10,2,1
"700098691",3498,0,0,50,39,89,50,37,51,39,0,2,0,6,157,0,11,30,0,1,41,0,0,0,0,0,0,0,3,0,0,21,0,0,0,10,10
"700037074",1287,83,125,151,31,39,31,0,61,43,0,3,153,0,30,0,9,8,0,5,15,0,2,0,0,1,0,0,0,0,0,3,0,3,0,8,3
"700033797",2516,168,84,61,95,304,461,0,78,64,7,2,17,2,0,0,19,80,0,0,39,0,1,0,37,0,0,0,0,0,0,12,7,1,0,3,0
"700097313",4989,1028,325,209,499,334,376,1,203,99,66,302,523,73,0,0,52,24,22,51,74,0,20,0,67,11,293,0,35,0,0,13,71,7,0,0,133
"700035321",755,976,10,159,163,27,28,36,47,3,2,11,2,0,153,47,4,2,147,28,32,97,0,25,5,213,21,0,0,2,9,1,0,3,1,0,1
"700108552",2895,97,20,359,21,34,74,0,24,93,28,131,1,0,49,90,16,9,6,64,9,28,6,876,17,485,97,3,1,0,66,5,0,6,0,4,1
"700101095",6302,428,152,495,73,42,29,0,20,31,21,6,63,0,8,552,13,21,20,18,5,0,0,0,114,0,0,0,5,1,0,1,0,0,0,2,0
"700114767",8252,37,233,352,169,867,295,1,33,543,0,50,1088,137,0,0,37,40,5,20,92,0,45,0,53,1,39,0,0,0,0,120,0,1,0,1,29
"700108058",1707,122,72,139,59,106,51,3520,27,63,35,6,0,5,0,0,21,6,0,93,11,17,2,592,3,1,0,69,3,0,0,8,1,0,0,0,2
"700015981",23446,2128,474,2268,1555,1715,1858,6,345,760,370,1288,832,46,0,0,158,78,206,244,102,0,78,0,88,144,212,0,284,0,0,24,334,154,2,64,12
"700015980",12127,534,141,981,419,555,770,1,77,273,156,128,164,27,0,2,54,45,80,38,34,0,10,0,38,21,85,0,10,0,0,7,22,58,0,25,0
"700113035",3896,606,783,558,208,933,875,5323,315,557,24,233,54,0,450,139,121,187,27,354,112,0,77,102,84,26,168,71,35,0,91,27,33,21,1,54,0
"700109525",7925,258,76,524,18,91,46,0,33,148,1,3,373,0,58,0,5,35,0,5,13,0,0,0,27,0,0,0,0,2,0,5,0,0,0,0,2
"700111045",5289,225,104,400,35,146,74,1,39,193,0,0,0,218,0,0,1,4,0,1,34,0,0,0,47,0,0,0,0,0,0,4,0,0,0,11,1
"700033382",2103,193,91,25,28,102,53,1,7,87,4,1,2,2,2,0,4,43,0,3,15,10,1,0,7,2,78,0,0,0,0,4,0,12,0,11,0
"700024809",4720,0,853,227,223,56,105,0,171,47,246,10,0,9,44,0,6,53,2,17,22,65,3,0,0,0,394,0,308,0,0,0,1,0,16,1,95
"700096285",5364,779,122,2,31,101,46,0,19,78,0,3,30,0,41,0,7,7,1,0,8,0,2,0,0,0,2,0,0,0,0,8,2,0,0,86,0
"700108240",5364,579,1370,227,1613,319,1100,6,134,31,253,20,51,89,0,458,674,212,5,11,123,0,7,0,0,0,85,0,219,0,0,19,12,0,0,9,5
"700098561",2540,296,442,219,263,835,808,2377,185,85,106,409,111,28,0,150,11,218,686,87,40,83,86,0,141,7,24,11,0,0,46,10,9,4,15,20,0
"700099765",15648,825,2,242,91,457,225,0,71,60,0,50,195,0,986,0,23,32,1,12,8,0,31,0,0,8,0,0,0,0,0,38,1,16,0,5,69
"700037560",8348,300,3956,640,2070,5736,3123,538,1595,4376,419,292,35,0,122,304,664,462,33,644,468,153,175,2,64,9,26,895,0,0,0,217,274,7,60,79,296
"700035594",1670,0,443,0,274,6,48,0,0,8,14,0,2,1,0,0,2,1,0,0,20,0,0,0,0,0,0,0,0,0,0,24,0,0,4,0,3
"700110309",12331,1679,174,1252,327,413,883,0,524,238,248,164,0,0,43,69,85,137,9,30,166,324,232,0,0,215,0,0,4,0,728,43,6,53,13,59,2
"700114818",2380,462,775,87,516,217,121,4613,125,242,331,161,0,57,5,0,82,28,0,111,39,1114,6,0,122,16,0,14,0,0,0,7,4,111,35,21,2
"700106978",6228,401,178,636,49,131,87,1,56,68,11,43,115,17,0,0,110,6,1,37,2,0,6,0,48,1,29,0,45,0,0,1,6,1,0,6,2
"700099531",3628,0,47,0,28,74,57,1,4,70,34,2,0,177,0,0,25,5,0,0,35,83,3,0,0,0,0,0,0,0,0,0,0,0,1,0,6
"700024437",2710,893,399,980,1043,883,856,1448,488,322,2045,595,2,0,981,53,287,278,15,136,96,531,352,224,105,11,43,49,2,0,0,136,36,18,0,21,1
"700108618",2140,121,55,7,69,125,325,0,27,68,5,96,57,0,18,66,46,32,49,34,14,1,19,0,26,3,17,0,10,0,186,3,4,0,0,7,0
"700103653",7909,412,405,1372,184,441,119,1,147,443,2,115,3138,0,1941,0,59,56,1,33,34,0,13,0,0,4,0,0,0,0,0,12,7,35,0,20,5
"700110111",879,316,173,318,71,101,135,0,56,218,56,48,26,1,7,110,28,18,2,4,32,0,9,0,65,1,16,0,72,0,0,9,3,2,0,4,0
"700098451",1451,169,281,227,270,119,249,1,30,203,119,6,60,0,12,83,147,56,5,7,27,0,3,0,24,1,5,0,0,0,0,10,2,6,0,4,33
"700032944",2202,13,12,576,29,51,16,0,20,27,3,2,0,0,37,0,2,1,1,3,6,136,0,0,0,0,0,0,0,0,0,2,0,0,30,6,0
"700113616",8328,831,909,765,151,308,372,0,49,276,40,13,0,0,66,0,174,148,5,39,57,0,4,0,14,1,0,0,45,0,0,1,0,6,0,2,3
"700100184",4819,0,7,108,1,132,168,0,3,30,0,1,51,1,0,0,2,19,0,0,10,0,1,0,0,0,0,0,0,0,0,9,0,0,0,4,1
"700109770",5692,90,3,1032,5,14,7,0,5,4,0,0,8,0,29,0,0,0,0,10,10,0,0,0,0,0,0,0,8,0,0,5,0,0,0,0,0
"700101793",3702,0,32,0,10,131,118,0,31,1,0,3,0,1,0,0,1,2,0,0,28,0,4,0,0,0,0,0,0,1,0,3,0,0,9,4,6
"700023096",14799,873,4424,742,1947,1425,875,3,439,2057,100,287,35,0,666,387,595,165,15,132,49,377,196,0,136,8,0,0,0,2,0,9,17,7,13,60,27
"700016610",8618,404,668,1348,2298,1194,1336,17354,1092,410,450,678,2,1362,4,180,110,386,2246,1818,70,152,494,776,60,136,252,1038,0,0,0,96,64,26,159,2,64
"700106465",14104,3683,0,1777,109,683,145,1,348,186,0,26,0,141,0,0,11,10,2,24,417,315,18,0,0,2,0,0,0,0,0,0,6,0,2,2,7
"700103499",2055,399,352,114,93,151,60,0,54,3,0,10,0,30,0,0,152,1,0,1,46,7,3,0,35,0,1,0,0,0,0,33,0,0,1,7,1
"700099609",9666,0,300,0,61,473,270,0,235,255,72,32,0,1269,0,0,3,23,0,3,124,0,22,0,0,5,0,0,0,0,0,8,8,0,0,8,5
"700098954",4636,150,19,24,10,53,37,0,29,126,17,7,0,0,0,147,5,9,48,227,5,0,0,319,6,14,15,226,0,0,0,7,0,1,0,0,1
"700106056",3157,1519,598,162,492,613,565,2,404,326,369,607,98,1,8,86,107,25,32,65,24,0,159,0,31,9,10,0,106,0,0,4,57,8,1,0,2
"700038578",8863,495,966,556,241,318,430,0,113,225,4,5,0,0,152,0,46,170,0,4,93,0,30,0,153,0,0,0,0,0,0,2,0,8,0,38,38
"700102867",1089,325,541,2680,258,272,257,705,146,192,93,8,63,348,318,0,233,77,1,4,123,0,4,0,78,1,67,3,0,0,0,43,2,12,0,20,3
"700110834",1599,149,346,133,271,346,187,0,54,128,77,21,49,0,51,52,49,41,0,5,106,0,12,0,28,3,6,0,0,0,0,16,7,3,0,12,15
"700097196",2005,303,157,81,146,59,74,0,167,34,98,9,400,0,121,187,30,17,28,8,12,0,11,0,70,7,0,0,0,0,0,0,1,4,0,0,0
"700109129",4486,423,3374,1127,1338,216,1241,0,114,24,450,394,183,10,3,84,179,95,641,64,38,0,101,337,35,2848,3,1,1,0,0,30,83,12,0,7,0
"700111767",4122,158,24,159,15,98,44,1,10,22,18,2,0,67,0,190,7,48,55,21,13,0,0,0,0,0,0,0,0,0,0,15,0,3,0,21,0
"700037026",3817,1906,48,439,936,126,288,14,132,31,127,96,2,168,0,24,89,31,15,28,48,8,9,0,6,9,36,2,10,0,0,19,11,16,2,2,2
"700034641",1399,872,88,520,101,219,391,1,38,271,34,21,38,0,33,0,20,33,2,4,106,0,2,0,125,0,0,0,2,0,0,15,5,0,0,12,20
"700110606",5055,118,73,252,46,43,23,0,71,4,8,3,0,1,0,0,469,17,0,2,67,140,0,0,0,0,0,0,17,0,0,0,0,0,9,1,0
"700099307",6054,30,1,52,8,115,174,0,9,0,0,3,39,0,38,0,1,4,0,1,21,2,0,0,3,0,19,0,0,1,2,1,0,2,0,0,0
"700035861",1667,203,116,0,521,259,414,0,266,200,75,7,10,295,0,2,299,53,8,10,196,8,4,0,8,3,6,0,0,0,0,35,5,11,0,5,0
"700110720",3953,228,499,16,106,609,87,1,53,107,14,10,47,0,64,36,40,131,1,12,108,0,5,0,6,0,8,0,0,0,0,11,1,3,6,11,0
"700096656",3716,0,57,48,269,150,41,0,68,181,0,1,0,0,37,0,7,19,0,0,61,0,0,0,12,0,0,0,0,1,0,17,0,0,0,5,1
"700037738",3588,336,29,102,39,275,45,0,49,87,5,13,101,0,0,0,42,36,22,20,18,0,1,0,0,0,65,0,0,0,0,9,0,2,198,18,1
"700023788",2293,195,1602,48,1100,502,436,0,207,196,462,67,18,233,0,0,925,104,0,14,40,0,10,115,19,1,0,0,137,0,2,31,2,0,0,53,2
"700035953",315,49,18,26,228,9,21,52,107,3,30,33,1,88,0,102,2,7,0,1,2,3,17,0,3,0,47,0,25,0,11,4,0,11,0,0,0
"700095736",1702,135,93,55,160,47,182,0,47,129,41,45,23,3,64,21,16,18,4,7,16,0,64,0,30,1,0,0,5,0,6,2,0,8,0,4,0
"700105612",7020,892,3823,640,1372,806,944,5,1060,606,256,587,641,0,103,51,291,736,13,23,100,10,417,0,47,7,22,1,0,0,8,24,48,64,2,35,0
"700037341",1733,396,801,198,169,304,245,0,107,34,40,256,108,0,27,55,58,107,23,55,48,0,111,0,54,11,36,4,14,0,0,11,57,4,0,2,5
"700101859",2158,49,4,0,13,121,103,0,7,43,0,1,0,53,0,0,0,31,0,1,15,256,1,0,2,0,0,0,5,0,0,0,0,0,71,3,3
"700034188",2268,197,79,48,19,88,57,0,12,144,0,5,0,0,35,26,2,30,7,11,35,46,0,104,45,0,0,0,0,0,0,17,0,0,0,1,1
"700014504",8127,218,876,834,442,2262,978,229,178,365,143,31,0,16,685,97,273,503,2,19,1373,9,34,258,21,1,25,52,31,0,1,84,5,21,1,232,15
"700014503",5998,174,861,606,305,1947,861,269,161,344,111,34,0,13,869,59,233,559,1,43,1168,14,35,226,11,3,25,23,66,0,2,68,6,19,0,255,21
"700016214",6694,109,29,90,162,27,58,0,207,27,7,1,0,0,18,29,80,5,0,2,22,0,1,0,0,0,95,0,0,0,0,6,2,0,0,0,0
"700106579",1182,2239,93,55,377,157,140,0,105,53,246,42,0,182,0,0,110,4,2,24,24,0,13,0,0,9,0,0,81,0,0,8,6,70,0,2,1
"700105001",7011,0,73,0,24,65,24,2,9,12,1,1,0,9,0,0,6,0,0,0,6,0,1,0,0,0,0,0,0,0,0,6,0,0,0,0,2
"700096437",3147,89,375,111,78,35,35,2,41,56,5,0,1,0,18,17,19,11,0,2,8,19,0,0,11,0,8,0,0,0,0,8,0,0,0,10,0
"700016029",6820,1968,54,488,14006,1070,1112,14,7760,372,5806,618,44,2,4,116,314,134,20,34,208,0,70,26,24,6,108,0,286,0,0,28,42,4,8,512,0
"700016028",2810,687,20,182,5975,467,400,5,2951,90,1567,265,13,1,2,56,94,40,8,3,73,0,15,13,8,2,30,0,96,0,0,7,21,2,3,194,0
"700016021",24511,1740,1023,2164,4137,1246,1038,2,1092,278,7416,317,230,16,2,0,120,132,2,82,262,0,52,0,428,26,210,0,0,1,0,54,42,22,0,124,2
"700016020",10949,571,307,689,1286,512,361,1,442,130,2926,53,66,7,3,0,37,31,1,15,123,0,19,0,144,8,58,0,0,0,1,29,7,7,0,20,1
"700033941",2439,91,66,121,11,28,21,0,29,23,2,2,0,21,0,0,9,8,0,3,5,15,0,0,38,0,0,0,0,0,0,0,1,0,0,1,3
"700099908",3763,642,35,353,30,37,76,0,24,1,0,7,6,25,0,0,31,4,0,4,17,0,1,0,15,2,17,0,0,0,9,5,0,7,2,3,0
"700023578",350,62,139,8,1345,803,984,0,241,585,563,50,1,499,344,16,1472,101,1,4,124,2,74,0,1,0,1,0,1,0,0,94,54,9,0,47,0
"700110438",15828,634,501,991,336,281,729,1,127,106,18,68,0,18,0,0,19,144,0,146,30,173,95,1508,27,1,70,2,0,0,0,7,15,0,5,4,0
