"IDs","Bacteria|Bacteroidetes|Bacteroidia|Bacteroidales|Bacteroidaceae|Bacteroides","Bacteria|Bacteroidetes|Bacteroidia|Bacteroidales|Porphyromonadaceae|Parabacteroides","Bacteria|Bacteroidetes|Bacteroidia|Bacteroidales|Rikenellaceae|Alistipes","Bacteria|Firmicutes|Clostridia|Clostridiales|Lachnospiraceae|unclassified","Bacteria|Firmicutes|Clostridia|Clostridiales|unclassified","Bacteria|Firmicutes|Clostridia|Clostridiales|Lachnospiraceae|Roseburia","Bacteria|Firmicutes|Clostridia|Clostridiales|Ruminococcaceae|Faecalibacterium","Bacteria|Firmicutes|Clostridia|Clostridiales|Ruminococcaceae|unclassified","Bacteria|Firmicutes|Clostridia|Clostridiales|Veillonellaceae|Phascolarctobacterium","Bacteria|Proteobacteria|Betaproteobacteria|Burkholderiales|Alcaligenaceae|Parasutterella","Bacteria|Firmicutes|Clostridia|Clostridiales|Ruminococcaceae|Oscillibacter","Bacteria|Firmicutes|Clostridia|Clostridiales|Ruminococcaceae|Ruminococcus","Bacteria|Bacteroidetes|Bacteroidia|Bacteroidales|Prevotellaceae|Paraprevotella","Bacteria|Bacteroidetes|Bacteroidia|Bacteroidales|Porphyromonadaceae|Barnesiella","Bacteria|Firmicutes|Clostridia|Clostridiales|Incertae_Sedis_XIV|Blautia","Bacteria|Proteobacteria|Betaproteobacteria|Burkholderiales|Alcaligenaceae|Sutterella","Bacteria|unclassified","Bacteria|Firmicutes|Clostridia|Clostridiales|Ruminococcaceae|Subdoligranulum","Bacteria|Firmicutes|Clostridia|Clostridiales|Veillonellaceae|Dialister","Bacteria|Firmicutes|Clostridia|Clostridiales|Lachnospiraceae|Coprococcus","Bacteria|Bacteroidetes|Bacteroidia|Bacteroidales|Porphyromonadaceae|unclassified","Bacteria|Bacteroidetes|Bacteroidia|Bacteroidales|unclassified","Bacteria|Bacteroidetes|Bacteroidia|Bacteroidales|Porphyromonadaceae|Odoribacter","Bacteria|Bacteroidetes|Bacteroidia|Bacteroidales|Prevotellaceae|Prevotella","Bacteria|Bacteroidetes|Bacteroidia|Bacteroidales|Porphyromonadaceae|Butyricimonas","Bacteria|Verrucomicrobia|Verrucomicrobiae|Verrucomicrobiales|Verrucomicrobiaceae|Akkermansia","Bacteria|Firmicutes|unclassified","Bacteria|Firmicutes|Clostridia|Clostridiales|Lachnospiraceae|Dorea","Bacteria|Proteobacteria|Alphaproteobacteria|unclassified","Bacteria|Firmicutes|Clostridia|Clostridiales|Eubacteriaceae|Eubacterium","Bacteria|Firmicutes|Clostridia|Clostridiales|Veillonellaceae|Acidaminococcus","Bacteria|Proteobacteria|Betaproteobacteria|Burkholderiales|unclassified","Bacteria|Firmicutes|Erysipelotrichi|Erysipelotrichales|Erysipelotrichaceae|Coprobacillus","Bacteria|Bacteroidetes|Bacteroidia|Bacteroidales|Rikenellaceae|unclassified","Bacteria|Bacteroidetes|unclassified","Bacteria|Firmicutes|Clostridia|Clostridiales|Veillonellaceae|unclassified","Bacteria|Firmicutes|Clostridia|Clostridiales|Veillonellaceae|Megamonas","Bacteria|Actinobacteria|Actinobacteria|Bifidobacteriales|Bifidobacteriaceae|Bifidobacterium","Bacteria|Firmicutes|Clostridia|unclassified","Bacteria|Firmicutes|Clostridia|Clostridiales|Veillonellaceae|Veillonella","Bacteria|Proteobacteria|Gammaproteobacteria|Enterobacteriales|Enterobacteriaceae|Escherichia/Shigella","Bacteria|Actinobacteria|Actinobacteria|Coriobacteriales|Coriobacteriaceae|Collinsella","Bacteria|Firmicutes|Erysipelotrichi|Erysipelotrichales|Erysipelotrichaceae|unclassified","Bacteria|Firmicutes|Clostridia|Clostridiales|Ruminococcaceae|Butyricicoccus","Bacteria|Fusobacteria|Fusobacteria|Fusobacteriales|Fusobacteriaceae|Fusobacterium","Bacteria|Firmicutes|Clostridia|Clostridiales|Lachnospiraceae|Anaerostipes","Bacteria|Proteobacteria|Gammaproteobacteria|Pasteurellales|Pasteurellaceae|unclassified","Bacteria|Firmicutes|Clostridia|Clostridiales|Ruminococcaceae|Acetivibrio","Bacteria|Firmicutes|Clostridia|Clostridiales|Ruminococcaceae|Anaerotruncus","Bacteria|Proteobacteria|unclassified"
"700098289",2460,141,485,219,394,153,135,177,130,87,130,74,0,0,81,0,118,20,1,73,0,1,33,0,30,3,100,17,0,0,35,0,22,40,1,2,0,6,2,0,10,1,2,9,0,19,0,6,3,0
"700015180",7101,1402,802,201,1551,284,473,294,202,83,82,184,0,0,44,0,1215,50,16,126,1,31,156,0,98,44,487,21,0,0,39,0,9,25,5,13,0,5,160,0,2,0,12,4,0,4,0,27,8,0
"700033435",2552,99,214,68,171,232,528,47,8,16,47,108,0,127,19,0,10,60,3,23,6,11,25,0,0,0,0,2,0,0,0,0,2,1,0,2,0,0,0,0,1,0,0,1,0,1,0,1,0,0
"700033438",26358,1975,781,552,600,2127,1008,232,1129,68,244,0,3396,542,1254,1670,156,10,0,122,26,436,228,6,34,2,32,460,0,12,0,102,0,2,6,24,0,8,2,46,0,24,2,16,0,26,398,8,12,6
"700035176",1224,104,18,28,24,36,22,20,16,17,4,22,0,0,12,0,2,2,9,13,0,0,10,0,0,0,0,0,0,0,0,2,0,0,0,2,0,0,1,0,0,0,0,0,0,0,0,0,0,0
"700095429",4878,662,173,137,145,49,122,37,1344,0,74,18,800,214,167,122,26,19,0,27,26,150,16,30,152,50,2,8,0,0,0,4,6,5,1,17,0,0,0,0,0,1,0,0,1,4,0,0,0,0
"700097135",2641,277,303,185,194,177,166,161,17,101,59,198,0,74,71,0,41,17,1,35,6,12,9,0,21,0,12,6,0,1,0,0,5,1,1,4,0,0,5,1,1,1,1,13,0,2,0,5,2,0
"700102432",829,61,241,19,20,40,22,45,0,17,13,2,0,14,6,0,0,20,32,2,0,2,41,0,7,0,0,4,0,1,0,0,6,6,0,0,0,1,0,0,0,0,0,1,0,3,1,2,0,0
"700100490",2636,409,85,70,212,31,40,96,0,22,10,117,0,0,2,0,104,30,14,5,4,3,3,0,5,1,43,4,0,0,0,0,6,13,1,2,0,0,5,0,0,0,0,0,0,0,0,7,0,0
"700024044",7897,434,750,101,123,38,77,70,151,14,280,0,0,632,55,587,27,2,0,14,36,151,65,0,0,1,3,6,0,10,0,10,1,0,6,1,0,2,0,0,4,5,0,1,3,0,0,0,3,3
"700109340",11705,19,5487,521,324,490,3587,533,5,91,212,418,0,763,84,0,29,124,0,113,422,88,19,0,0,250,5,14,0,2,0,0,5,2,91,3,0,0,24,1,1,1,7,0,0,2,1,3,2,0
"700038950",4693,32,17,12,9,12,0,10,2,8,6,0,0,0,1,0,0,11,0,4,0,3,0,1,0,0,0,0,0,2,0,0,3,0,0,1,0,0,0,0,0,1,0,0,0,1,0,0,0,0
"700095850",1407,97,139,29,25,18,29,8,36,411,21,0,0,0,3,0,5,1,0,2,0,4,19,0,0,0,0,4,0,1,0,0,0,0,0,4,0,0,0,0,2,1,0,3,1,3,1,0,0,0
"700015923",2934,0,22,31,34,0,5,27,0,0,11,0,0,0,30,102,1,0,38,4,0,0,1,0,0,1,1,0,0,2,0,35,1,0,0,2,0,1,0,0,0,0,0,2,0,5,0,4,0,0
"700109582",4127,213,434,173,354,240,264,166,1,131,51,204,0,201,78,0,3,92,40,109,1,15,50,0,135,4,2,19,0,0,0,5,54,162,1,1,0,3,3,2,0,0,13,17,0,22,6,9,0,0
"700114939",5037,124,67,65,15,20,122,45,83,11,204,6,104,2,4,140,11,26,0,0,13,33,4,0,16,0,2,6,0,3,0,0,0,0,3,0,0,0,5,0,0,0,0,1,0,0,0,0,5,0
"700102318",2655,182,298,52,134,82,59,160,0,3,105,11,315,0,10,20,4,27,110,8,0,13,10,0,22,0,2,5,0,0,0,0,5,0,0,0,0,0,5,1,0,1,3,0,0,0,0,3,0,0
"700096066",6279,375,142,5,12,0,21,21,8,0,20,0,0,82,7,0,1,0,0,3,3,10,8,1,0,0,1,5,0,0,1,0,5,1,0,1,0,0,0,0,0,0,0,0,0,1,0,0,0,0
"700016961",1760,515,69,18,78,6,10,17,37,0,27,6,582,62,20,164,22,14,0,12,4,348,11,2,49,0,1,3,11,6,0,53,8,2,4,9,5,0,0,3,0,0,0,0,0,1,0,0,0,5
"700105334",8151,1037,882,497,89,344,1676,176,0,819,158,10,0,410,30,0,38,117,338,16,16,113,146,0,0,0,10,19,0,8,0,0,24,0,0,2,0,0,1,1,2,13,0,0,0,0,0,7,17,0
"700106914",11710,0,482,2138,595,610,531,132,0,1045,86,0,0,57,769,0,20,171,210,343,23,21,0,8,0,0,188,64,0,37,0,0,28,0,0,1,0,0,1,60,4,0,5,24,1,2,9,0,11,0
"700015406",8569,399,11,1628,807,47,374,66,370,0,159,39,0,0,388,75,7,1,0,109,0,5,2,0,2,0,1,18,8,18,0,0,1,0,0,6,0,11,0,1,1,8,0,22,59,7,0,0,0,2
"700015407",10212,466,24,1952,1190,42,478,56,466,0,196,32,0,0,520,66,6,0,0,176,0,6,0,0,2,0,2,28,4,32,0,0,2,0,0,12,0,400,0,0,8,28,0,18,96,16,0,0,2,2
"700035747",2171,163,174,80,34,38,95,50,59,0,14,2,0,0,59,0,0,322,0,19,0,0,0,0,0,1,8,69,0,0,0,35,3,0,0,2,0,10,1,0,25,6,8,25,0,3,0,6,0,0
"700035392",2063,36,165,26,13,62,122,50,3,0,55,1,0,0,14,0,1,30,11,13,0,0,3,0,0,0,0,3,0,0,0,0,1,1,0,0,0,0,1,2,0,0,0,1,0,0,43,0,1,0
"700113541",11214,1,0,107,53,39,41,31,0,300,48,1,0,0,22,0,17,3,134,17,0,0,0,0,0,0,1,1,0,2,0,0,2,0,0,0,0,0,0,0,0,0,0,2,0,3,0,4,0,0
"700033749",21848,3932,3394,1270,1554,644,1176,466,138,606,508,74,0,314,112,0,1148,58,0,72,3494,1786,0,0,0,48,34,64,370,12,0,0,2,26,56,0,0,0,20,2,6,0,4,22,0,30,0,8,22,350
"700033202",3264,319,457,175,245,33,256,140,13,140,75,0,0,153,18,0,4,206,0,21,23,10,117,0,0,2,3,6,0,4,0,0,5,0,0,1,0,0,4,0,0,0,0,0,0,6,0,0,1,0
"700024566",15239,976,1837,1147,505,3409,372,304,0,1154,922,7,0,0,36,0,71,58,83,72,2,48,242,0,0,144,57,38,0,11,36,0,1,3,0,1,0,323,44,8,0,18,2,16,0,2,78,14,6,5
"700015398",12216,1241,125,90,31,1,69,233,0,21,16,59,0,0,5,0,5,0,0,0,3,12,1,0,0,1,3,3,0,2,0,0,1,0,1,0,0,0,0,10,0,0,0,2,1,0,0,0,1,0
"700015399",21953,2522,334,135,48,2,142,225,0,54,24,113,0,0,7,0,11,1,0,3,4,20,4,0,0,0,3,3,0,8,0,0,2,0,0,1,0,0,1,48,0,0,0,3,0,0,1,3,4,0
"700095793",3693,70,322,125,192,24,69,95,10,54,85,70,0,40,26,30,27,27,0,25,3,6,46,0,2,5,1,6,0,0,0,2,1,0,0,0,0,0,4,0,0,0,0,1,0,3,3,0,0,0
"700106326",1056,0,0,11,12,7,42,34,0,1,10,0,0,0,1,0,4,1,0,0,0,0,16,0,0,0,0,0,0,0,0,0,0,0,0,0,0,0,0,0,0,0,0,0,0,0,0,0,1,0
"700107011",2141,28,228,20,30,18,40,33,22,2,18,4,0,2,14,2,0,2,2,22,1,0,2,0,54,0,0,5,0,0,3,0,15,4,1,2,0,0,0,22,0,0,1,2,0,7,11,0,0,0
"700109884",11086,907,686,95,101,56,202,160,0,4,29,5,0,0,38,157,0,24,439,61,0,9,0,0,0,0,0,1,0,1,0,139,16,0,0,0,0,0,0,0,60,3,2,9,0,29,0,0,0,0
"700108915",27452,0,1733,526,856,801,848,425,0,1,67,578,0,1565,108,543,1135,95,360,170,520,175,197,0,60,0,27,16,0,1,0,0,23,18,14,4,0,0,8,1,0,0,7,15,0,25,2,4,0,0
"700101534",2906,81,276,58,98,75,22,87,4,0,39,4,0,0,34,0,2,2,0,7,0,1,0,0,0,0,2,5,1,1,0,0,1,0,0,1,0,0,2,0,0,0,2,4,0,15,1,5,0,0
"700108493",12193,1258,1259,1537,1228,904,556,463,84,792,110,442,0,320,154,0,351,78,0,171,12,53,145,0,142,0,110,8,0,4,0,0,18,11,4,45,0,1,45,0,0,1,0,20,0,1,0,7,8,0
"700096962",2427,16,6,241,76,347,114,23,0,0,1,0,0,0,194,58,0,1,22,40,0,1,0,0,0,0,0,1,0,0,0,11,3,0,0,0,0,0,0,84,1,5,1,8,0,0,82,0,0,0
"700102062",2539,0,0,199,90,21,97,82,0,0,54,270,0,1,26,0,3,1,4,47,1,9,0,852,0,0,1,2,0,0,0,10,1,1,0,0,0,0,0,0,0,0,1,5,0,0,0,5,0,0
"700111244",5317,261,89,3,44,15,9,20,0,9,7,24,0,20,7,0,0,2,43,4,0,1,0,0,0,1,0,4,0,0,4,0,0,0,0,0,0,0,1,0,0,0,0,2,0,3,0,5,0,0
"700109405",6546,170,0,218,79,46,5,201,42,0,125,0,0,0,157,0,3,133,1,37,0,2,0,3,0,0,7,27,0,13,0,0,1,0,0,2,0,0,0,0,27,0,0,5,0,26,0,2,2,0
"700102924",5257,948,0,485,57,181,140,98,0,3,217,40,0,0,22,345,11,5,72,5,0,8,0,0,0,0,5,8,0,5,0,0,4,0,1,0,0,0,1,0,0,0,7,2,0,0,0,0,5,0
"700100432",2022,142,65,3,24,2,15,30,12,0,11,30,0,0,8,12,8,19,0,6,0,0,0,0,0,0,1,0,28,0,0,3,0,0,0,0,0,1,0,0,1,0,2,1,0,1,0,0,0,0
"700111461",3759,224,318,441,290,125,299,155,48,170,45,57,0,110,58,0,128,11,0,194,33,21,139,0,0,11,7,9,0,0,0,0,1,3,9,2,0,0,0,0,0,0,0,5,0,2,0,5,0,1
"700114179",7610,1132,221,696,412,258,0,113,0,0,4,7,0,0,317,1,11,276,38,95,0,28,0,5,0,0,9,15,0,184,0,0,2,77,5,1,0,3,0,0,27,55,4,24,1,30,0,1,20,0
"700034794",1639,346,38,16,62,54,27,48,26,0,15,11,702,67,9,18,45,7,0,17,9,60,2,0,44,0,8,4,58,1,0,0,11,2,248,0,0,0,0,0,0,0,0,1,0,1,0,0,0,4
"700099400",4527,403,0,181,116,0,35,13,0,0,0,0,0,0,21,107,0,0,77,176,0,1,0,0,0,0,0,1,0,6,0,0,1,0,0,0,0,0,0,38,1,1,0,0,0,4,2,0,0,0
"700108180",5866,1033,54,48,36,196,152,87,65,0,25,198,0,0,24,141,3,20,0,14,1,17,0,0,0,0,0,5,0,1,0,20,26,35,1,4,0,6,0,9,0,1,3,2,0,4,9,0,0,0
"700096722",3653,0,0,44,49,0,0,62,0,0,5,0,0,0,64,4,1,3,26,5,0,5,0,0,0,0,3,0,28,4,0,0,3,0,0,2,0,0,0,1,5,0,2,0,0,0,0,0,2,1
"700099237",3750,46,73,57,26,7,56,42,0,1,22,41,0,85,6,9,0,3,5,28,24,7,10,0,0,0,1,5,0,0,2,9,4,45,0,0,0,0,0,0,1,0,2,1,0,4,0,0,0,0
"700109643",5194,182,144,74,53,170,28,25,9,0,13,21,496,28,19,48,5,1,0,21,3,40,53,0,0,0,1,7,0,1,0,0,11,0,0,14,25,0,0,0,0,0,0,0,85,1,0,1,0,0
"700106350",17027,4605,344,519,558,203,0,422,0,0,1,22,0,0,122,0,43,1033,328,140,16,101,0,2,0,0,20,18,0,693,0,0,9,453,10,0,0,8,1,3,4,24,13,9,0,27,0,3,19,0
"700021934",3029,157,88,21,33,14,18,1605,0,0,9,1353,0,0,5,0,12,5,5,0,0,4,0,1,0,0,21,0,0,0,0,0,0,0,0,0,0,0,0,0,0,0,4,0,0,0,0,0,4,0
"700111178",6813,180,567,76,74,112,182,128,364,3,142,0,0,316,32,3,2,22,2,24,5,26,68,2,50,268,4,41,0,5,120,0,21,0,0,15,0,12,2,0,1,0,11,3,0,6,0,6,15,0
"700032087",1946,338,254,71,127,17,61,110,61,14,21,85,191,173,33,0,12,4,24,9,916,77,27,45,0,0,2,5,0,0,0,0,0,1,0,15,0,0,2,0,0,0,0,3,0,0,0,2,0,0
"700102375",2184,163,33,385,61,330,79,16,0,9,12,3,0,64,25,94,3,25,36,66,16,15,0,0,0,0,0,5,0,0,38,6,5,0,8,0,0,1,0,1,0,0,0,1,0,1,6,1,0,0
"700038626",16624,9303,3992,167,169,148,74,1085,0,313,2122,16,0,0,9,862,113,135,599,127,6,182,150,2088,1,0,2,60,0,7,0,54,1,104,23,3,0,11,4,0,0,511,0,3,2,0,0,0,2,0
"700032133",2731,219,28,12,19,9,2,9,5,7,1,0,0,0,5,0,1,0,0,3,0,2,0,0,0,0,0,2,0,2,0,0,0,0,0,1,0,0,0,1,0,0,0,0,0,0,1,0,0,0
"700098754",2378,66,32,84,18,21,106,5,0,0,16,0,0,0,25,103,0,179,2,45,0,1,0,0,0,0,0,2,0,1,0,1,4,0,0,0,5,0,0,0,0,2,0,3,1,12,3,0,0,0
"700097253",2387,142,2,45,14,68,10,18,1,4,10,84,0,16,9,0,0,7,0,7,4,14,9,0,0,1,0,0,1,1,0,0,2,0,0,0,0,0,1,0,0,0,0,1,0,0,0,1,0,0
"700106542",3258,1119,0,135,158,49,495,152,0,359,133,0,0,0,60,0,33,3,0,7,0,23,0,1,1,0,7,6,0,21,0,1,11,0,0,1,0,0,0,52,0,0,0,1,0,1,2,0,1,1
"700107949",4237,585,156,80,88,64,223,40,0,0,9,0,0,0,101,0,1,4,47,34,0,1,0,1,0,0,16,10,0,5,0,1,6,0,0,1,0,1,0,0,0,0,1,6,0,32,0,6,2,0
"700016012",121973,15187,3250,4472,2822,9542,10,672,16390,2249,1002,0,0,0,110,0,80,122,0,480,4,176,0,12,0,0,148,166,0,480,0,0,26,116,12,844,0,0,0,100,12,86,604,44,0,18,4,22,20,0
"700016013",16023,1964,275,1885,245,966,1,61,2909,469,82,0,0,0,20,0,32,5,1,65,0,21,0,0,0,0,90,27,0,47,0,0,4,16,0,11,0,0,1,30,5,0,34,5,1,2,0,5,11,0
"700099021",7302,116,0,582,133,540,277,108,0,683,55,11,0,0,67,0,34,32,44,92,0,3,0,1,0,29,12,42,0,4,180,0,35,0,0,2,0,2,0,0,0,3,1,12,0,6,0,7,8,0
"700102135",2633,1516,317,31,19,53,0,21,39,0,5,1,0,19,7,254,0,2,0,3,0,3,9,0,30,0,0,0,0,1,0,6,0,0,0,1,0,0,1,0,0,0,1,3,0,1,1,0,0,0
"700037484",11603,435,1093,395,206,744,262,191,0,420,526,1,0,0,56,0,33,63,936,22,2,55,637,0,0,23,7,31,0,2,43,1,1,7,0,3,0,52,12,11,1,0,2,0,0,1,0,1,4,0
"700096123",2733,3,192,32,31,43,12,26,13,5,37,172,0,0,25,0,2,38,0,16,0,0,2,0,1,0,1,1,0,0,0,0,116,0,0,1,0,0,1,0,0,0,7,0,0,0,0,7,0,0
"700108117",1741,217,73,46,48,24,46,42,0,29,15,5,0,75,48,0,1,99,49,5,1,5,49,0,0,0,11,11,0,3,0,0,0,8,0,0,0,5,0,0,47,2,1,0,0,5,0,1,5,0
"700037852",2801,88,509,97,35,48,45,32,13,3,35,10,0,105,5,0,76,32,0,3,4,74,10,0,20,0,1,6,0,1,0,298,0,2,0,0,0,0,3,0,0,2,0,0,0,0,0,0,4,0
"700111833",3256,68,2,56,22,0,35,72,0,2,20,0,0,12,0,35,3,37,0,1,1,20,9,0,11,0,8,0,0,3,0,10,19,0,0,0,0,0,0,201,1,0,12,0,0,0,1,0,1,0
"700099978",3272,277,139,247,59,81,222,74,73,0,152,13,0,33,50,65,9,15,0,90,3,9,0,0,0,0,34,4,107,0,0,1,10,17,11,1,0,0,0,0,0,1,0,9,0,6,0,3,0,2
"700098621",2306,0,0,123,31,46,88,27,0,107,58,4,0,0,15,0,5,26,49,112,0,0,0,0,0,0,0,10,0,0,0,0,2,0,0,0,0,0,0,0,1,0,0,4,1,4,1,0,0,0
"700101657",5087,214,423,439,336,146,829,205,274,151,142,90,152,2,68,0,21,28,1,42,2,24,69,0,22,36,8,11,3,49,0,0,90,3,1,1,0,0,10,0,0,0,2,8,0,0,0,2,4,0
"700024930",3780,1610,201,513,230,123,95,31,35,597,20,0,0,119,85,0,38,0,0,53,41,65,6,0,0,2,19,18,0,10,9,0,33,0,0,0,0,0,0,0,3,4,2,28,1,4,1,4,3,0
"700108977",7058,0,0,31,8,49,0,31,0,0,25,0,0,0,18,34,23,11,139,1,0,122,0,0,0,159,2,0,27,1,0,0,6,0,1,1,0,0,0,9,0,0,3,2,0,0,0,1,0,8
"700034926",2764,169,119,161,124,92,43,162,1,7,103,109,360,160,38,55,8,52,14,37,2,20,61,0,3,0,1,2,81,0,0,0,0,5,8,0,0,1,1,1,0,0,4,0,0,1,6,15,0,3
"700101243",3913,74,479,85,167,52,271,589,0,0,199,1039,0,138,17,0,2,69,308,27,0,7,32,0,17,0,0,5,0,0,0,0,1,11,0,1,0,0,5,1,1,0,0,0,0,0,0,8,11,0
"700107208",4904,244,113,39,16,41,61,31,0,0,52,0,0,0,25,0,1,10,164,1,0,2,7,0,0,0,0,8,0,0,0,0,0,0,0,0,0,0,0,0,0,1,1,0,0,0,0,0,0,0
"700101916",1601,26,110,17,90,3,314,28,25,14,36,17,0,47,3,0,13,15,0,4,4,6,10,0,0,0,1,2,0,0,0,0,1,4,3,1,0,0,0,0,0,0,0,0,0,0,0,0,0,0
"700107892",5029,91,224,70,158,38,17,96,65,0,75,11,0,0,6,0,8,91,0,38,0,2,0,0,0,50,6,20,0,0,0,6,13,0,0,3,0,0,1,0,0,0,5,11,0,4,3,5,1,0
"700107565",6394,11,0,68,48,157,119,36,0,6,4,33,0,0,36,0,2,10,5,74,0,2,0,0,0,0,1,21,0,5,0,6,1,0,0,0,0,5,2,3,0,0,0,4,0,18,0,4,0,0
"700105904",3683,125,426,396,214,195,505,138,177,4,132,23,0,99,117,165,34,52,0,6,1,20,31,0,22,2,3,8,0,2,39,48,2,3,0,27,0,1,2,0,0,23,0,14,0,4,0,0,0,0
"700095543",1246,361,447,41,39,50,77,101,20,32,57,2,0,0,11,0,7,22,5,8,2,8,129,2,5,0,3,5,0,31,0,5,4,4,4,0,0,3,2,1,0,0,2,0,0,0,2,1,2,0
"700099464",2112,18,34,127,158,94,45,7,0,0,4,3,82,0,12,254,0,16,24,28,0,7,0,0,0,0,0,16,0,1,0,7,3,0,0,0,0,0,0,1,0,0,0,44,0,0,3,1,1,0
"700109827",13432,608,925,408,136,115,737,229,6,0,74,0,0,284,97,0,16,12,49,256,10,34,88,0,0,0,15,22,0,3,802,432,27,8,6,1,0,0,2,0,0,0,6,3,0,21,0,0,3,0
"700023226",3608,0,206,10,6,14,12,18,0,0,12,21,156,0,4,16,0,4,52,2,0,7,18,0,0,0,0,1,0,14,0,0,0,0,0,0,0,0,1,0,0,0,0,0,0,0,0,0,1,0
"700023845",7643,883,652,231,158,171,52,308,26,1174,350,198,0,0,34,0,110,303,0,37,0,21,0,1,0,0,9,14,107,6,0,0,19,6,4,0,0,3,2,2,0,12,2,14,0,4,0,1,9,19
"700016141",16001,2683,0,649,288,249,50,286,0,0,870,325,0,0,251,265,44,2,23,29,0,17,0,0,0,0,9,8,0,28,0,0,11,0,1,0,0,0,1,0,0,3,6,24,0,0,0,13,13,0
"700016142",27080,4714,0,1058,502,480,100,540,0,0,1666,518,0,0,480,584,90,10,50,36,2,32,0,0,0,0,12,20,0,22,0,2,12,0,2,0,0,0,0,4,0,18,4,48,0,0,2,12,18,0
"700108802",14424,51,858,52,102,83,48,53,320,23,74,0,0,0,39,0,4,39,0,8,0,4,28,0,9,0,0,15,0,1,1,7,46,1,0,169,0,0,0,0,0,0,9,1,0,9,0,1,0,0
"700034857",2078,109,89,10,26,11,20,27,0,0,31,0,0,118,0,13,0,0,64,0,0,11,11,0,0,0,0,0,0,17,0,1,0,0,0,0,0,61,0,0,0,0,2,0,0,2,0,1,0,0
"700038761",5538,0,1483,1004,406,665,205,731,156,255,153,515,0,16,48,0,49,121,0,64,84,113,161,1,0,0,27,13,0,2,0,0,9,30,25,4,0,0,10,0,1,0,5,13,1,2,1,25,12,0
"700114017",9953,351,1432,345,233,162,294,141,4,19,130,57,281,448,66,103,25,13,0,87,155,216,152,1,56,0,3,13,0,33,390,12,3,19,2,33,0,0,5,1,0,0,0,10,0,1,0,7,1,0
"700024711",15997,644,697,256,165,28,370,212,265,9005,797,5,0,683,60,0,198,44,0,6,30,317,219,2,0,0,11,21,0,25,0,0,17,0,2,1,0,0,4,0,0,0,7,9,0,0,0,1,97,0
"700096887",3685,126,99,15,9,4,23,20,0,67,2,0,0,0,25,0,1,4,9,1,0,1,44,10,0,0,1,0,0,3,6,0,0,0,0,0,0,0,0,0,0,0,0,1,0,0,0,0,2,0
"700097376",2237,314,47,54,39,16,6,7,213,28,1,0,0,0,23,0,1,0,0,7,0,0,0,0,0,0,0,1,3,0,0,0,3,1,0,22,0,0,0,0,195,14,1,4,164,0,0,0,0,0
"700100559",4370,108,185,356,288,168,232,95,0,0,91,122,0,0,48,36,93,12,42,63,2,1,134,2,0,13,2,6,0,10,0,0,10,0,1,0,3,11,4,0,1,0,1,9,0,1,0,0,0,0
"700035400",3577,258,381,9,49,0,32,16,0,0,5,0,0,0,0,0,0,14,94,3,0,0,0,0,0,0,1,0,0,0,0,0,0,0,0,0,0,0,0,0,0,0,1,0,0,0,0,0,1,0
"700111524",6851,306,0,53,16,19,28,3,0,85,16,0,0,0,18,0,1,7,0,4,1,2,0,1,0,0,0,6,0,0,0,1,7,0,0,0,0,0,0,0,0,0,0,4,0,3,1,0,0,0
"700106647",5535,466,526,48,16,9,10,29,1,2,9,0,0,16,4,111,131,11,3,0,18,40,44,0,24,32,0,3,19,1,20,7,3,4,7,0,0,0,0,0,0,0,3,1,0,1,0,0,2,67
"700097503",2031,153,197,146,299,48,76,243,3,14,58,38,0,69,8,0,32,113,0,45,3,4,11,0,2,0,11,4,0,0,0,0,1,0,109,0,0,0,5,0,0,0,0,2,0,4,0,6,0,0
"700112004",4812,203,347,314,229,509,521,145,0,1,121,108,0,0,72,80,21,18,92,39,0,8,208,15,0,146,21,16,0,18,0,0,15,1,0,1,4,0,1,0,0,0,1,4,0,3,1,3,0,0
"700033503",2789,39,54,66,61,82,57,29,0,6,22,341,0,239,20,61,7,12,2,13,7,32,0,0,0,0,0,2,0,1,1,6,3,0,0,0,0,0,0,0,0,0,1,36,0,8,1,2,0,0
"700100249",5939,80,0,228,148,0,0,0,524,113,0,0,0,0,7,0,8,0,0,88,0,5,0,0,0,0,2,0,0,1,0,0,1,0,0,14,534,0,0,1,3,0,0,0,19,0,0,0,1,0
"700097589",3329,201,1581,212,103,125,197,395,0,0,604,372,794,0,11,14,13,57,25,25,0,40,56,279,0,399,3,11,0,13,0,1,0,0,0,0,0,2,5,2,48,3,2,5,1,0,0,0,1,0
"700016921",5313,375,489,186,101,96,315,42,108,100,93,1,131,6,85,0,24,32,1,41,3,34,88,0,61,0,3,13,19,57,0,0,24,0,0,3,0,1,1,0,1,3,2,3,0,2,0,2,3,15
"700110177",3065,0,0,184,120,24,8,10,0,0,1,0,0,0,33,540,6,1,0,12,0,0,0,0,0,0,2,0,0,1,7,18,1,0,0,1,0,0,0,0,0,0,0,0,13,1,0,0,1,0
"700024173",8593,0,2443,109,71,108,750,234,0,0,73,54,0,0,18,0,14,38,70,15,0,11,0,4,0,199,11,10,0,1,0,35,0,0,2,2,0,0,4,0,0,0,4,1,1,1,0,2,4,0
"700105238",10430,665,225,912,340,325,174,86,0,0,55,1,0,0,19,0,16,19,39,76,0,14,1,0,0,0,6,1,0,4,79,0,102,0,1,0,0,0,1,10,0,2,5,6,0,2,27,2,0,0
"700035533",2968,40,508,6,21,8,21,17,0,57,5,12,0,143,4,0,1,5,26,2,0,9,43,0,2,0,0,0,0,0,0,0,1,8,0,1,0,3,1,0,1,0,1,0,0,0,1,0,0,0
"700108304",14406,464,366,448,307,314,464,544,33,32,515,60,0,32,88,174,7,177,0,82,5,4,64,0,2,8,0,20,0,0,0,1,9,0,0,1,0,0,2,11,0,0,2,8,0,31,8,20,0,0
"700098220",1745,117,134,89,127,240,90,105,63,40,65,84,0,43,73,0,5,28,0,30,1,4,7,1,9,0,0,14,0,0,0,17,33,7,1,1,0,0,3,0,0,2,0,4,0,10,0,2,1,0
"700111596",3803,50,55,249,115,76,796,257,47,2,9,146,177,0,6,120,5,13,0,114,0,17,1,0,0,0,6,2,0,1,0,0,0,0,1,7,0,0,0,0,0,0,0,0,0,3,0,0,0,0
"700015118",12503,0,0,117,108,0,0,3,309,242,2,0,0,0,17,0,2,0,0,14,0,0,0,0,0,0,0,0,0,1,0,0,3,0,0,10,218,0,0,5,14,1,0,0,0,0,5,0,0,0
"700015117",14204,0,0,440,346,20,1,14,1100,1052,0,0,0,0,47,0,60,0,0,115,0,0,0,0,0,0,7,0,0,5,0,0,4,0,0,23,673,0,0,15,42,1,0,0,0,1,11,0,7,5
"700015876",2259,18,20,8,10,59,46,35,21,0,2,15,0,0,16,66,32,15,7,6,0,0,0,0,0,0,1,4,86,3,0,7,2,0,0,1,0,0,0,0,3,0,2,0,0,2,0,0,0,5
"700098888",2186,131,234,100,110,89,38,86,131,0,85,29,0,46,26,0,1,18,0,17,0,7,0,0,0,1,1,3,0,2,0,0,0,2,1,2,0,0,1,0,0,0,2,1,0,1,0,0,0,0
"700033748",13922,2198,1384,659,835,366,405,192,110,306,203,50,0,454,51,0,237,18,0,106,940,316,0,2,0,15,18,31,393,5,0,0,0,2,4,2,0,0,4,0,1,0,8,17,0,30,1,10,7,78
"700107059",854,27,98,28,166,44,72,66,0,19,11,10,0,0,20,0,3,5,0,12,0,2,32,0,0,0,0,5,0,0,0,0,2,2,0,5,0,0,5,127,0,0,0,0,0,1,9,0,0,0
"700097928",2465,95,160,37,117,88,74,64,105,12,58,83,0,36,16,0,3,47,5,19,148,97,38,0,0,0,2,6,0,0,0,0,6,0,2,2,0,0,0,0,0,3,1,4,0,3,0,0,0,0
"700109252",3702,54,310,223,75,89,156,174,21,38,52,1,0,14,44,0,9,18,4,13,198,193,30,0,0,2,2,5,0,0,0,0,14,0,13,1,0,0,2,0,0,0,0,1,0,0,1,0,2,0
"700033665",2437,378,297,209,270,44,138,111,2,5,80,51,0,220,63,190,16,71,0,95,6,27,30,0,28,7,3,5,6,0,0,126,17,1,3,14,0,38,2,0,0,0,4,3,0,14,0,0,0,0
"700110375",7173,241,596,896,440,126,356,781,250,0,1188,111,0,5,163,0,39,8,0,22,8,16,0,0,0,28,26,52,0,4,0,0,3,11,3,15,0,0,3,0,0,0,3,9,0,1,0,0,26,0
"700114287",5601,84,592,33,39,15,164,89,0,0,39,141,203,0,9,4,3,59,13,19,0,8,52,2,0,0,2,2,0,17,0,0,14,0,0,0,0,2,0,3,0,2,1,8,0,12,0,0,1,0
"700037284",2925,0,336,91,257,58,498,176,6,55,122,61,0,6,37,0,11,62,0,40,0,9,59,0,16,4,5,10,29,0,0,0,3,0,0,1,0,0,2,0,0,2,1,5,0,6,0,6,0,0
"700109192",6906,127,508,289,1287,138,238,684,4,0,285,356,0,0,85,0,82,50,20,74,1,20,0,1,136,16,42,9,27,0,0,0,14,9,2,2,0,5,27,1,0,0,2,4,0,6,4,29,3,1
"700098131",3129,111,18,53,21,39,30,65,20,0,19,63,0,0,1,0,13,146,0,23,0,0,19,1,0,0,0,1,141,0,0,0,0,0,0,1,0,0,0,0,0,1,0,0,0,1,1,0,0,8
"700107397",9517,395,1050,346,396,207,230,373,343,0,65,77,0,0,144,0,10,554,30,56,0,15,128,0,0,99,4,10,0,13,217,0,10,0,0,6,0,4,22,2,5,3,6,7,0,5,1,131,1,0
"700035657",3189,198,36,43,18,9,192,21,67,0,33,0,0,0,1,0,0,9,359,25,0,1,3,304,0,0,4,6,0,0,0,0,0,0,0,1,0,0,0,0,32,0,4,0,0,0,0,0,0,0
"700106837",3755,618,438,299,126,131,225,157,78,10,148,82,0,0,38,51,16,145,0,8,0,9,20,0,0,177,3,22,0,1,19,10,2,2,2,5,0,0,5,0,0,3,1,4,0,1,0,2,5,0
"700098691",3498,50,0,89,50,39,0,39,157,0,51,0,0,0,41,0,2,11,6,30,0,1,0,37,0,3,0,21,0,10,0,0,10,0,0,2,0,0,0,0,4,0,0,2,2,6,0,0,0,0
"700037074",1287,151,83,39,31,43,125,31,30,153,61,0,0,0,15,0,3,9,0,8,0,5,0,0,0,0,2,3,0,3,0,0,8,3,1,5,0,1,0,2,0,0,0,0,0,0,1,0,0,0
"700033797",2516,61,168,304,461,64,84,95,0,17,78,7,0,0,39,0,2,19,2,80,0,0,37,0,0,0,1,12,0,0,0,0,3,1,0,0,0,0,7,0,22,2,6,1,0,0,0,1,0,0
"700097313",4989,209,1028,334,376,99,325,499,0,523,203,66,0,0,74,0,302,52,73,24,22,51,67,1,293,35,20,13,0,133,0,0,0,7,11,26,0,1,71,5,0,2,2,2,0,0,3,3,1,0
"700108552",2895,359,97,34,74,93,20,21,49,1,24,28,876,90,9,28,131,16,0,9,6,64,17,0,97,1,6,5,66,1,0,0,4,6,485,4,0,0,0,0,0,0,0,4,0,0,0,1,0,2
"700101095",6302,495,428,42,29,31,152,73,8,63,20,21,0,552,5,0,6,13,0,21,20,18,114,0,0,5,0,1,0,0,0,0,2,0,0,0,0,1,0,1,0,0,2,0,0,0,0,0,0,0
"700114767",8252,352,37,867,295,543,233,169,0,1088,33,0,0,0,92,0,50,37,137,40,5,20,53,1,39,0,45,120,0,29,113,0,1,1,1,1,0,0,0,2,3,11,2,2,0,2,1,4,0,0
"700015981",23446,2268,2128,1715,1858,760,474,1555,0,832,345,370,0,0,102,0,1288,158,46,78,206,244,88,6,212,284,78,24,0,12,0,2,64,154,144,4,0,0,334,0,10,0,18,6,0,4,6,36,40,0
"700015980",12127,981,534,555,770,273,141,419,0,164,77,156,0,2,34,0,128,54,27,45,80,38,38,1,85,10,10,7,0,0,0,0,25,58,21,0,0,1,22,1,2,0,2,2,0,2,0,22,4,0
"700109525",7925,524,258,91,46,148,76,18,58,373,33,1,0,0,13,0,3,5,0,35,0,5,27,0,0,0,0,5,0,2,0,0,0,0,0,1,0,1,0,15,1,15,0,5,2,1,8,0,0,0
"700111045",5289,400,225,146,74,193,104,35,0,0,39,0,0,0,34,0,0,1,218,4,0,1,47,1,0,0,0,4,0,1,0,0,11,0,0,1,0,0,0,0,0,0,0,0,0,1,0,0,1,0
"700033382",2103,25,193,102,53,87,91,28,2,2,7,4,0,0,15,10,1,4,2,43,0,3,7,1,78,0,1,4,0,0,1,0,11,12,2,0,0,1,0,1,0,0,0,1,0,4,3,4,0,0
"700024809",4720,227,0,56,105,47,853,223,44,0,171,246,0,0,22,65,10,6,9,53,2,17,0,0,394,308,3,0,0,95,0,16,1,0,0,2,0,14,1,0,1,4,0,3,0,1,0,15,1,0
"700096285",5364,2,779,101,46,78,122,31,41,30,19,0,0,0,8,0,3,7,0,7,1,0,0,0,2,0,2,8,0,0,0,0,86,0,0,2,0,0,2,1,0,2,2,0,0,2,5,1,0,0
"700099765",15648,242,825,457,225,60,2,91,986,195,71,0,0,0,8,0,50,23,0,32,1,12,0,0,0,0,31,38,0,69,0,0,5,16,8,9,0,0,1,5,0,4,6,5,0,1,0,2,3,0
"700035594",1670,0,0,6,48,8,443,274,0,2,0,14,0,0,20,0,0,2,1,1,0,0,0,0,0,0,0,24,0,3,0,4,0,0,0,0,0,5,0,0,0,0,0,0,0,0,0,0,0,0
"700110309",12331,1252,1679,413,883,238,174,327,43,0,524,248,0,69,166,324,164,85,0,137,9,30,0,0,0,4,232,43,728,2,0,13,59,53,215,4,0,0,6,0,3,1,7,62,0,32,0,17,8,59
"700106978",6228,636,401,131,87,68,178,49,0,115,56,11,0,0,2,0,43,110,17,6,1,37,48,1,29,45,6,1,0,2,0,0,6,1,1,0,0,0,6,3,0,0,6,2,0,0,1,0,0,0
"700099531",3628,0,0,74,57,70,47,28,0,0,4,34,0,0,35,83,2,25,177,5,0,0,0,1,0,0,3,0,0,6,32,1,0,0,0,0,0,0,0,0,0,0,0,1,1,0,0,0,0,0
"700108618",2140,7,121,125,325,68,55,69,18,57,27,5,0,66,14,1,96,46,0,32,49,34,26,0,17,10,19,3,186,0,0,0,7,0,3,2,0,1,4,0,0,0,3,0,0,48,2,0,0,7
"700103653",7909,1372,412,441,119,443,405,184,1941,3138,147,2,0,0,34,0,115,59,0,56,1,33,0,1,0,0,13,12,0,5,0,0,20,35,4,11,0,4,7,1,2,9,0,10,0,17,0,9,12,0
"700032944",2202,576,13,51,16,27,12,29,37,0,20,3,0,0,6,136,2,2,0,1,1,3,0,0,0,0,0,2,0,0,0,30,6,0,0,6,0,2,0,1,0,0,0,5,0,0,2,0,0,0
"700113616",8328,765,831,308,372,276,909,151,66,0,49,40,0,0,57,0,13,174,0,148,5,39,14,0,0,45,4,1,0,3,0,0,2,6,1,2,0,0,0,0,0,0,2,3,0,1,0,2,2,0
"700100184",4819,108,0,132,168,30,7,1,0,51,3,0,0,0,10,0,1,2,1,19,0,0,0,0,0,0,1,9,0,1,0,0,4,0,0,0,0,0,0,1,3,0,1,0,257,3,5,0,0,0
"700109770",5692,1032,90,14,7,4,3,5,29,8,5,0,0,0,10,0,0,0,0,0,0,10,0,0,0,8,0,5,0,0,3,0,0,0,0,2,0,0,0,1,2,0,0,0,0,0,0,0,0,0
"700101793",3702,0,0,131,118,1,32,10,0,0,31,0,0,0,28,0,3,1,1,2,0,0,0,0,0,0,4,3,0,6,11,9,4,0,0,0,0,0,0,23,348,0,4,0,0,2,3,2,0,0
"700106465",14104,1777,3683,683,145,186,0,109,0,0,348,0,0,0,417,315,26,11,141,10,2,24,0,1,0,0,18,0,0,7,0,2,2,0,2,3,0,0,6,3,1,0,3,1,0,1,8,4,12,0
"700103499",2055,114,399,151,60,3,352,93,0,0,54,0,0,0,46,7,10,152,30,1,0,1,35,0,1,0,3,33,0,1,0,1,7,0,0,0,0,0,0,1,0,15,3,0,0,0,0,4,7,1
"700099609",9666,0,0,473,270,255,300,61,0,0,235,72,0,0,124,0,32,3,1269,23,0,3,0,0,0,0,22,8,0,5,0,0,8,0,5,8,0,0,8,21,0,0,4,14,0,6,6,11,7,0
"700098954",4636,24,150,53,37,126,19,10,0,0,29,17,319,147,5,0,7,5,0,9,48,227,6,0,15,0,0,7,0,1,9,0,0,1,14,0,0,1,0,1,0,0,0,0,0,4,1,0,0,0
"700038578",8863,556,495,318,430,225,966,241,152,0,113,4,0,0,93,0,5,46,0,170,0,4,153,0,0,0,30,2,0,38,0,0,38,8,0,11,0,0,0,0,43,0,6,7,0,19,0,22,1,0
"700097196",2005,81,303,59,74,34,157,146,121,400,167,98,0,187,12,0,9,30,0,17,28,8,70,0,0,0,11,0,0,0,0,0,0,4,7,3,0,0,1,0,0,0,0,0,0,0,0,1,0,0
"700111767",4122,159,158,98,44,22,24,15,0,0,10,18,0,190,13,0,2,7,67,48,55,21,0,1,0,0,0,15,0,0,0,0,21,3,0,0,0,0,0,2,5,0,0,2,0,0,0,2,0,0
"700037026",3817,439,1906,126,288,31,48,936,0,2,132,127,0,24,48,8,96,89,168,31,15,28,6,14,36,10,9,19,0,2,0,2,2,16,9,0,0,5,11,0,1,19,7,3,0,5,0,14,4,1
"700110606",5055,252,118,43,23,4,73,46,0,0,71,8,0,0,67,140,3,469,1,17,0,2,0,0,0,17,0,0,0,0,0,9,1,0,0,0,1,0,0,13,0,3,0,0,0,0,1,0,0,0
"700099307",6054,52,30,115,174,0,1,8,38,39,9,0,0,0,21,2,3,1,0,4,0,1,3,0,19,0,0,1,2,0,0,0,0,2,0,2,0,0,0,0,1,0,0,0,127,0,0,0,0,0
"700110720",3953,16,228,609,87,107,499,106,64,47,53,14,0,36,108,0,10,40,0,131,1,12,6,1,8,0,5,11,0,0,0,6,11,3,0,0,0,0,1,0,2,2,2,4,0,9,0,0,4,0
"700096656",3716,48,0,150,41,181,57,269,37,0,68,0,0,0,61,0,1,7,0,19,0,0,12,0,0,0,0,17,0,1,0,0,5,0,0,2,0,0,0,2,0,9,0,2,0,2,0,0,109,0
"700037738",3588,102,336,275,45,87,29,39,0,101,49,5,0,0,18,0,13,42,0,36,22,20,0,0,65,0,1,9,0,1,0,198,18,2,0,8,0,0,0,0,0,1,0,0,0,6,0,0,1,0
"700095736",1702,55,135,47,182,129,93,160,64,23,47,41,0,21,16,0,45,16,3,18,4,7,30,0,0,5,64,2,6,0,0,0,4,8,1,3,0,0,0,0,0,1,3,1,0,0,0,16,0,2
"700101859",2158,0,49,121,103,43,4,13,0,0,7,0,0,0,15,256,1,0,53,31,0,1,2,0,0,5,1,0,0,3,0,71,3,0,0,1,0,0,0,0,0,0,1,4,16,4,1,0,0,0
"700034188",2268,48,197,88,57,144,79,19,35,0,12,0,104,26,35,46,5,2,0,30,7,11,45,0,0,0,0,17,0,1,0,0,1,0,0,12,9,0,0,0,0,1,0,1,89,2,0,1,2,0
"700016214",6694,90,109,27,58,27,29,162,18,0,207,7,0,29,22,0,1,80,0,5,0,2,0,0,95,0,1,6,0,0,0,0,0,0,0,0,0,32,2,0,0,0,0,0,0,3,0,0,0,0
"700105001",7011,0,0,65,24,12,73,24,0,0,9,1,0,0,6,0,1,6,9,0,0,0,0,2,0,0,1,6,0,2,0,0,0,0,0,0,0,0,0,4,0,0,1,0,0,0,0,0,0,0
"700096437",3147,111,89,35,35,56,375,78,18,1,41,5,0,17,8,19,0,19,0,11,0,2,11,2,8,0,0,8,0,0,0,0,10,0,0,0,0,0,0,0,0,0,0,7,0,7,0,4,0,0
"700016021",24511,2164,1740,1246,1038,278,1023,4137,2,230,1092,7416,0,0,262,0,317,120,16,132,2,82,428,2,210,0,52,54,0,2,0,0,124,22,26,4,0,2,42,8,2,18,12,10,0,8,0,22,12,0
"700016020",10949,689,571,512,361,130,307,1286,3,66,442,2926,0,0,123,0,53,37,7,31,1,15,144,1,58,0,19,29,1,1,0,0,20,7,8,0,0,0,7,3,0,2,1,10,0,7,0,2,0,0
"700033941",2439,121,91,28,21,23,66,11,0,0,29,2,0,0,5,15,2,9,21,8,0,3,38,0,0,0,0,0,0,3,0,0,1,0,0,0,2,1,1,0,0,1,0,0,0,1,0,1,0,0
"700099908",3763,353,642,37,76,1,35,30,0,6,24,0,0,0,17,0,7,31,25,4,0,4,15,0,17,0,1,5,9,0,0,2,3,7,2,0,0,0,0,0,2,0,1,5,0,5,0,0,0,9
"700110438",15828,991,634,281,729,106,501,336,0,0,127,18,1508,0,30,173,68,19,18,144,0,146,27,1,70,0,95,7,0,0,0,5,4,0,1,2,0,0,15,11,0,0,8,22,0,0,7,3,0,0
